,Выгрузка банкетов за март 2026,,,,,,,,,,
,Hello Park Селигерская,,,,,,,,,,
,,,,,,,,,,,
,,Резюме,Сумма,% от продаж,Кол-во,% от кол-ва,Комментарии,,,,
,,Общие ,2 504 938,100%,47,100%,,,,,
,,Анимация,202 412,8%,22,47%,,,,,
,,Билеты,315 619,13%,,,,,,,
,,Блюда и напитки,673 837,27%,,,,,,,
,,Праздники прочее,45 750,2%,,,"Продление пати-рума, пиньята, фонтан, шары, выбор костюма",,,,
,,Пакет ДР,1 011 800,40%,22,47%,"Всего 22 пакета (базовый 8, премиум 13, эксклюзив 1), остальные ДР заказываются как банкеты в ресторане",,,,
,,Оператор,3 000,0%,,,,,,,
,,Товары касса,15 460,1%,,,,,,,
,,Торт,108 960,4%,13,28%,,,,,
,,Фотоуслуги ,128 100,5%,19,40%,,,,,
,,,,,,,,,,,
,,,,,,,,,,,
,,,,,,,,,,,
Номер строки,Номер чека,Блюдо,Банкет,Категория блюда,Учетный день,Чеков,"Средняя цена, р.","Сумма без скидки, р.","Сумма скидки, р.","Сумма со скидкой, р.",Количество блюд
1,258,Аква минерали 2 л,Да,Холодные напитки,07.03.2026,1,390,390,0,390,1
2,258,Без  газа,Да,Холодные напитки,07.03.2026,1,0,0,0,0,1
3,258,Билет банкетный В,Да,Билеты,07.03.2026,1,2 390,9 560,0,9 560,4
4,258,Билет Именниник В,Да,Билеты,07.03.2026,1,1 190,1 190,0,1 190,1
5,258,Билет МногоМама В,Да,Билеты,07.03.2026,1,1 790,3 580,0,3 580,2
6,258,Браслет голубой безлимит,Да,Браслет,07.03.2026,1,0,0,0,0,3
7,258,Браслет красный банкетный,Да,Браслет,07.03.2026,1,0,0,0,0,4
8,258,Интерактивная АП до 10 детей 1 час,Да,Анимация,07.03.2026,1,8 000,8 000,0,8 000,1
9,258,Куриные наггетсы с картошкой фри,Да,Детское меню,07.03.2026,1,540,4 320,0,4 320,8
10,258,Пицца бамбине,Да,Пицца,07.03.2026,1,750,750,0,750,1
11,258,Пицца пепперони,Да,Пицца,07.03.2026,1,820,820,0,820,1
12,258,Пицца с пармской ветчиной и страчителлой,Да,Пицца,07.03.2026,1,1 130,1 130,0,1 130,1
13,258,"Сервис ""Сладкий сбор""",Да,Пробковый сбор,07.03.2026,1,2 000,2 000,0,2 000,1
14,258,Сок яблочный 1 л,Да,Холодные напитки,07.03.2026,1,620,1 860,0,1 860,3
15,258,Фонтан из 8 шаров,Да,Прадники прочее,07.03.2026,1,1 500,1 500,0,1 500,1
16,258,Шар цифра,Да,Товары касса,07.03.2026,1,690,690,0,690,1
17,289,Аква минерали 2 л,Да,Холодные напитки,07.03.2026,1,390,780,0,780,2
18,289,Ассорти брускет,Да,На компанию,07.03.2026,1,1 500,3 000,0,3 000,2
19,289,Ассорти горячих закусок,Да,На компанию,07.03.2026,1,1 690,1 690,0,1 690,1
20,289,Ассорти мясных деликатесов,Да,На компанию,07.03.2026,1,1 590,1 590,0,1 590,1
21,289,Без  газа,Да,Холодные напитки,07.03.2026,1,0,0,0,0,2
22,289,Билет банкетный В,Да,Билеты,07.03.2026,1,2 390,16 730,0,16 730,7
23,289,Билет Именниник В,Да,Билеты,07.03.2026,1,1 190,1 190,0,1 190,1
24,289,Браслет голубой безлимит,Да,Браслет,07.03.2026,1,0,0,0,0,1
25,289,Браслет красный банкетный,Да,Браслет,07.03.2026,1,0,0,0,0,7
26,289,Капучино,Да,Горячие напитки,07.03.2026,1,250,750,0,750,3
27,289,Картофельное пюре,Да,Гарниры,07.03.2026,1,0,0,0,0,3
28,289,Китайская сенча,Да,Горячие напитки,07.03.2026,1,350,700,0,700,2
29,289,Котлетка-эскимо из курицы,Да,Детское меню,07.03.2026,1,590,1 770,0,1 770,3
30,289,Куриные наггетсы с картошкой фри,Да,Детское меню,07.03.2026,1,540,1 620,0,1 620,3
31,289,Лимонад классический 1 л,Да,Холодные напитки,07.03.2026,1,550,550,0,550,1
32,289,Лимонад клубничный 1 л,Да,Холодные напитки,07.03.2026,1,550,1 650,0,1 650,3
33,289,Лимонад мохито 1 л,Да,Холодные напитки,07.03.2026,1,550,550,0,550,1
34,289,Морс клюквенный 1 л,Да,Холодные напитки,07.03.2026,1,600,1 800,0,1 800,3
35,289,Овощной котенок,Да,Детское меню,07.03.2026,1,430,860,0,860,2
36,289,Пицца 4 сыра со сливочным соусом,Да,Пицца,07.03.2026,1,890,890,0,890,1
37,289,Пицца деревенская,Да,Пицца,07.03.2026,1,960,960,0,960,1
38,289,Пицца маргарита,Да,Пицца,07.03.2026,1,650,650,0,650,1
39,289,Пицца пепперони,Да,Пицца,07.03.2026,1,820,1 640,0,1 640,2
40,289,Пицца с пармской ветчиной и страчителлой,Да,Пицца,07.03.2026,1,1 130,1 130,0,1 130,1
41,289,Салат с хрустящими баклажанами,Да,Салаты,07.03.2026,1,670,2 680,0,2 680,4
42,289,"Сервис ""Сладкий сбор""",Да,Пробковый сбор,07.03.2026,1,2 000,2 000,0,2 000,1
43,289,Сырная тарелка,Да,На компанию,07.03.2026,1,1 190,1 190,0,1 190,1
44,289,Фруктовый медвежонок,Да,Детское меню,07.03.2026,1,760,760,0,760,1
45,289,Цезарь с куриной грудкой,Да,Салаты,07.03.2026,1,720,2 880,0,2 880,4
46,289,Шар гелевый,Да,Товары касса,07.03.2026,1,210,1 680,0,1 680,8
47,289,Шар цифра,Да,Товары касса,07.03.2026,1,690,690,0,690,1
48,289,Эрл Грей,Да,Горячие напитки,07.03.2026,1,350,700,0,700,2
49,325,Аква минерали 2 л,Да,Холодные напитки,07.03.2026,1,390,780,0,780,2
50,325,Ассам,Да,Горячие напитки,07.03.2026,1,350,700,0,700,2
51,325,Без  газа,Да,Холодные напитки,07.03.2026,1,0,0,0,0,2
52,325,Билет банкетный В,Да,Билеты,07.03.2026,1,2 390,14 340,0,14 340,6
53,325,Билет Именниник В,Да,Билеты,07.03.2026,1,1 190,1 190,0,1 190,1
54,325,Браслет голубой безлимит,Да,Браслет,07.03.2026,1,0,0,0,0,1
55,325,Браслет красный банкетный,Да,Браслет,07.03.2026,1,0,0,0,0,6
56,325,Гляссе,Да,Горячие напитки,07.03.2026,1,280,840,0,840,3
57,325,"Интер.игра ""Поздравление""",Да,Прадники прочее,07.03.2026,1,1 500,1 500,0,1 500,1
58,325,Интерактивная АП до 10 детей 1 час,Да,Анимация,07.03.2026,1,8 000,8 000,0,8 000,1
59,325,Куриные наггетсы с картошкой фри,Да,Детское меню,07.03.2026,1,540,4 320,0,4 320,8
60,325,Латте,Да,Горячие напитки,07.03.2026,1,250,250,0,250,1
61,325,Овощной котенок,Да,Детское меню,07.03.2026,1,430,860,0,860,2
62,325,Пицца 4 сыра со сливочным соусом,Да,Пицца,07.03.2026,1,890,890,0,890,1
63,325,Пицца пепперони,Да,Пицца,07.03.2026,1,820,1 640,0,1 640,2
64,325,Салат со страчителлой и томатами,Да,Салаты,07.03.2026,1,880,880,0,880,1
65,325,Свеча цифра,Да,Шары,07.03.2026,1,150,150,0,150,1
66,325,Сок яблочный 1 л,Да,Холодные напитки,07.03.2026,1,620,1 860,0,1 860,3
67,325,Торт  1 категории,Да,Торт,07.03.2026,1,4 200,8 400,0,8 400,2
68,325,Фото А5 (до 5 шт),Да,Фотоуслуги,07.03.2026,1,800,800,0,800,1
69,325,Фруктовый зайчик,Да,Детское меню,07.03.2026,1,530,1 060,0,1 060,2
70,325,Шар гелевый,Да,Товары касса,07.03.2026,1,210,1 260,0,1 260,6
71,325,Эрл Грей,Да,Горячие напитки,07.03.2026,1,350,350,0,350,1
72,347,Анимация Принцессы Дисней,Да,Анимация,10.03.2026,1,0,0,0,0,1
73,347,Базовый Будни,Да,Праздники,10.03.2026,1,24 900,24 900,0,24 900,1
74,347,Браслет красный банкетный,Да,Браслет,10.03.2026,1,0,0,0,0,8
75,347,Картофель фри,Да,Гарниры,10.03.2026,1,320,640,0,640,2
76,347,Лимонад клубничный 1 л,Да,Холодные напитки,10.03.2026,1,550,550,0,550,1
77,347,Мороженое Бабл Гам,Да,Десерты,10.03.2026,1,150,150,0,150,1
78,347,Мороженое клубничное,Да,Десерты,10.03.2026,1,150,300,0,300,2
79,347,Мороженое шоколадное,Да,Десерты,10.03.2026,1,150,300,0,300,2
80,347,Морс вишневый 1 л,Да,Холодные напитки,10.03.2026,1,600,600,0,600,1
81,347,Овощной сет,Да,На компанию,10.03.2026,1,990,990,0,990,1
82,347,Пицца маргарита,Да,Пицца,10.03.2026,1,650,1 300,0,1 300,2
83,347,Пицца пепперони,Да,Пицца,10.03.2026,1,820,820,0,820,1
84,347,Сок яблочный 1 л,Да,Холодные напитки,10.03.2026,1,620,620,0,620,1
85,347,Фруктовый медвежонок,Да,Детское меню,10.03.2026,1,760,760,0,760,1
86,383,Аква минерали 2 л,Да,Холодные напитки,06.03.2026,1,390,390,0,390,1
87,383,Анимация Мультики Дисней,Да,Анимация,06.03.2026,1,0,0,0,0,1
88,383,Базовый Будни,Да,Праздники,06.03.2026,1,24 900,24 900,0,24 900,1
89,383,Без  газа,Да,Холодные напитки,06.03.2026,1,0,0,0,0,1
90,383,Браслет красный банкетный,Да,Браслет,06.03.2026,1,0,0,0,0,8
91,383,Выбор костюма,Да,Прадники прочее,06.03.2026,1,1 500,1 500,0,1 500,1
92,383,Куриные наггетсы с картошкой фри,Да,Детское меню,06.03.2026,1,540,2 160,0,2 160,4
93,383,Морс клюквенный 1 л,Да,Холодные напитки,06.03.2026,1,600,1 200,0,1 200,2
94,383,Овощной котенок,Да,Детское меню,06.03.2026,1,430,1 290,0,1 290,3
95,383,Пицца 4 сыра со сливочным соусом,Да,Пицца,06.03.2026,1,890,890,0,890,1
96,383,Пицца маргарита,Да,Пицца,06.03.2026,1,650,650,0,650,1
97,383,Пицца пепперони,Да,Пицца,06.03.2026,1,820,820,0,820,1
98,383,Свеча цифра,Да,Шары,06.03.2026,1,150,150,0,150,1
99,383,"Сервис ""Сладкий сбор""",Да,Пробковый сбор,06.03.2026,1,2 000,2 000,0,2 000,1
100,383,Фото А5 (до 5 шт),Да,Фотоуслуги,06.03.2026,1,800,800,0,800,1
101,383,Фото А5 (от 10 шт),Да,Фотоуслуги,06.03.2026,1,500,4 000,0,4 000,8
102,471,Аква минерали 2 л,Да,Холодные напитки,21.03.2026,1,390,390,0,390,1
103,471,Анимация Игра в кальмара,Да,Анимация,21.03.2026,1,0,0,0,0,1
104,471,Ассам,Да,Горячие напитки,21.03.2026,1,350,1 050,0,1 050,3
105,471,Ассорти брускет,Да,На компанию,21.03.2026,1,1 500,3 000,0,3 000,2
106,471,Без  газа,Да,Холодные напитки,21.03.2026,1,0,0,0,0,1
107,471,Билет безлимитный В,Да,Билеты,21.03.2026,1,2 390,4 780,0,4 780,2
108,471,Билет Именниник В,Да,Билеты,21.03.2026,1,1 190,1 190,0,1 190,1
109,471,Браслет голубой безлимит,Да,Браслет,21.03.2026,1,0,0,0,0,3
110,471,Браслет красный банкетный,Да,Браслет,21.03.2026,1,0,0,0,0,1
111,471,Вода 2л,Да,Холодные напитки,21.03.2026,1,0,0,0,0,2
112,471,Капитошки,Да,Праздники,21.03.2026,1,0,0,0,,1
113,471,Картофель фри с наггетсами ,Да,Гарниры,21.03.2026,1,0,0,0,0,4
114,471,Куриные наггетсы с картошкой фри,Да,Детское меню,21.03.2026,1,540,3 780,0,3 780,7
115,471,Лимонад классический 1 л,Да,Холодные напитки,21.03.2026,1,550,1 100,0,1 100,2
116,471,Лимонад клубничный 1 л,Да,Холодные напитки,21.03.2026,1,550,1 100,0,1 100,2
117,471,Морс клюквенный 1л,Да,Холодные напитки,21.03.2026,1,0,0,0,0,4
118,471,Овощной котенок,Да,Детское меню,21.03.2026,1,86,430,0,430,5
119,471,Пиньятта,Да,Прадники прочее,21.03.2026,1,3 500,3 500,0,3 500,1
120,471,Пицца 4 сыра с томатным соусом,Да,Пицца,21.03.2026,1,830,830,0,830,1
121,471,пицца 4 сыра со сливочным соусом,Да,Пицца,21.03.2026,1,0,0,0,0,1
122,471,Пицца 4 сыра со сливочным соусом,Да,Пицца,21.03.2026,1,890,890,0,890,1
123,471,Пицца деревенская,Да,Пицца,21.03.2026,1,960,960,0,960,1
124,471,пицца маргарита,Да,Пицца,21.03.2026,1,0,0,0,0,2
125,471,пицца пепперони,Да,Пицца,21.03.2026,1,0,0,0,0,1
126,471,Пицца пепперони,Да,Пицца,21.03.2026,1,820,820,0,820,1
127,471,Пицца сальмоне,Да,Пицца,21.03.2026,1,1 290,1 290,0,1 290,1
128,471,Премиум Выходные,Да,Праздники,21.03.2026,1,57 900,57 900,0,57 900,1
129,471,Семейный хит,Да,Фотоуслуги,21.03.2026,1,9 900,9 900,0,9 900,1
130,471,"Сервис ""Пробковый сбор""",Да,Пробковый сбор,21.03.2026,1,2 000,4 000,0,4 000,2
131,471,"Сервис ""Сладкий сбор""",Да,Пробковый сбор,21.03.2026,1,2 000,2 000,0,2 000,1
132,471,Сет намазок,Да,На компанию,21.03.2026,1,1 200,1 200,0,1 200,1
133,471,Сок апельсиновый 1 л,Да,Холодные напитки,21.03.2026,1,620,620,0,620,1
134,471,Сырная тарелка,Да,На компанию,21.03.2026,1,1 190,2 380,0,2 380,2
135,471,Треш-коробка М,Да,Праздники,21.03.2026,1,0,0,0,,1
136,471,фруктовый медвежонок,Да,Детское меню,21.03.2026,1,0,0,0,0,2
137,583,Анимация Мультики Дисней,Да,Анимация,21.03.2026,1,0,0,0,0,1
138,583,Ассам,Да,Горячие напитки,21.03.2026,1,263,1 050,263,788,3
139,583,Ассорти брускет,Да,На компанию,21.03.2026,1,1 125,3 000,750,2 250,2
140,583,Браслет красный банкетный,Да,Браслет,21.03.2026,1,0,0,0,0,1
141,583,Вода 2л,Да,Холодные напитки,21.03.2026,1,0,0,0,0,2
142,583,Жасминовый,Да,Горячие напитки,21.03.2026,1,263,700,175,525,2
143,583,Интерактивная АП до 10 детей 1 час,Да,Анимация,21.03.2026,1,8 000,16 000,0,16 000,2
144,583,Капучино,Да,Горячие напитки,21.03.2026,1,188,500,125,375,2
145,583,Картофель фри с наггетсами ,Да,Гарниры,21.03.2026,1,0,0,0,0,4
146,583,Картофельные дольки,Да,Гарниры,21.03.2026,1,240,1 600,400,1 200,5
147,583,Куриные наггетсы с картошкой фри,Да,Детское меню,21.03.2026,1,405,2 160,540,1 620,4
148,583,Лимонад мохито 1 л,Да,Холодные напитки,21.03.2026,1,413,550,138,413,1
149,583,Мини диско,Да,Праздники,21.03.2026,1,0,0,0,,1
150,583,Морс вишневый 1 л,Да,Холодные напитки,21.03.2026,1,450,1 800,450,1 350,3
151,583,Морс клюквенный 1л,Да,Холодные напитки,21.03.2026,1,0,0,0,0,4
152,583,Мясное плато,Да,На компанию,21.03.2026,1,2 850,7 600,1 900,5 700,2
153,583,Овощной котенок,Да,Детское меню,21.03.2026,1,161,1 720,430,1 290,8
154,583,Песочная картина,Да,Праздники,21.03.2026,1,0,0,0,,1
155,583,Пиньятта,Да,Прадники прочее,21.03.2026,1,3 500,3 500,0,3 500,1
156,583,пицца 4 сыра со сливочным соусом,Да,Пицца,21.03.2026,1,0,0,0,0,1
157,583,Пицца 4 сыра со сливочным соусом,Да,Пицца,21.03.2026,1,668,890,223,668,1
158,583,Пицца деревенская,Да,Пицца,21.03.2026,1,720,960,240,720,1
159,583,пицца маргарита,Да,Пицца,21.03.2026,1,0,0,0,0,2
160,583,Пицца маргарита,Да,Пицца,21.03.2026,1,488,650,163,488,1
161,583,пицца пепперони,Да,Пицца,21.03.2026,1,0,0,0,0,1
162,583,Пицца с грушей и горгонзолой,Да,Пицца,21.03.2026,1,728,970,243,728,1
163,583,Пицца с пармской ветчиной и страчителлой,Да,Пицца,21.03.2026,1,848,1 130,283,848,1
164,583,Премиум Выходные,Да,Праздники,21.03.2026,1,57 900,57 900,0,57 900,1
165,583,Салат с ростбифом и запеченым перцем,Да,Салаты,21.03.2026,1,630,3 360,840,2 520,4
166,583,Салат с хрустящими баклажанами,Да,Салаты,21.03.2026,1,503,2 010,503,1 508,3
167,583,Сырная тарелка,Да,На компанию,21.03.2026,1,893,1 190,298,893,1
168,583,Торт Индивидуальный,Да,Торт,21.03.2026,1,9 000,9 000,0,9 000,1
169,583,Флет Уайт,Да,Горячие напитки,21.03.2026,1,188,500,125,375,2
170,583,Фруктовый,Да,Горячие напитки,21.03.2026,1,263,350,88,263,1
171,583,фруктовый медвежонок,Да,Детское меню,21.03.2026,1,0,0,0,0,2
172,583,Цезарь с куриной грудкой,Да,Салаты,21.03.2026,1,540,2 880,720,2 160,4
173,583,Эрл Грей,Да,Горячие напитки,21.03.2026,1,263,350,88,263,1
174,681,Анимация Блогеры/Ютуба/Тиктока,Да,Анимация,11.03.2026,1,0,0,0,0,1
175,681,Билет безлимитный Б,Да,Билеты,11.03.2026,1,1 790,1 790,0,1 790,1
176,681,Билет Особые дети Будни,Да,Билеты,11.03.2026,1,0,0,0,0,1
177,681,Браслет голубой безлимит,Да,Браслет,11.03.2026,1,0,0,0,0,2
178,681,Браслет красный банкетный,Да,Браслет,11.03.2026,1,0,0,0,0,8
179,681,Вода 2л,Да,Холодные напитки,11.03.2026,1,0,0,0,0,2
180,681,Картофель фри с наггетсами ,Да,Гарниры,11.03.2026,1,0,0,0,0,4
181,681,Морс клюквенный 1л,Да,Холодные напитки,11.03.2026,1,0,0,0,0,4
182,681,Овощной котенок,Да,Детское меню,11.03.2026,1,0,0,0,0,4
183,681,Открытка для именинника,Да,Праздники,11.03.2026,1,0,0,0,,1
184,681,пицца 4 сыра со сливочным соусом,Да,Пицца,11.03.2026,1,0,0,0,0,1
185,681,пицца маргарита,Да,Пицца,11.03.2026,1,0,0,0,0,2
186,681,пицца пепперони,Да,Пицца,11.03.2026,1,0,0,0,0,1
187,681,Пицца с пармской ветчиной и страчителлой,Да,Пицца,11.03.2026,1,1 130,1 130,0,1 130,1
188,681,Премиум Будни,Да,Праздники,11.03.2026,1,47 900,47 900,0,47 900,1
189,681,Семейный хит,Да,Фотоуслуги,11.03.2026,1,9 900,9 900,0,9 900,1
190,681,"Сервис ""Пробковый сбор""",Да,Пробковый сбор,11.03.2026,1,2 000,2 000,0,2 000,1
191,681,Торт  1 категории,Да,Торт,11.03.2026,1,4 200,8 400,0,8 400,2
192,681,Треш-коробка М,Да,Праздники,11.03.2026,1,0,0,0,,1
193,681,Фото А5 (от 10 шт),Да,Фотоуслуги,11.03.2026,1,500,1 000,0,1 000,2
194,681,фруктовый медвежонок,Да,Детское меню,11.03.2026,1,0,0,0,0,2
195,681,Шар цифра,Да,Товары касса,11.03.2026,1,690,1 380,0,1 380,2
196,778,Аква минерали 2 л,Да,Холодные напитки,10.03.2026,1,390,1 170,0,1 170,3
197,778,Анимация Гарри Потер,Да,Анимация,10.03.2026,1,0,0,0,0,1
198,778,Базовый Будни,Да,Праздники,10.03.2026,1,24 900,24 900,0,24 900,1
199,778,Без  газа,Да,Холодные напитки,10.03.2026,1,0,0,0,0,3
200,778,Браслет красный банкетный,Да,Браслет,10.03.2026,1,0,0,0,0,8
201,778,Куриные наггетсы с картошкой фри,Да,Детское меню,10.03.2026,1,540,3 240,0,3 240,6
202,778,Морс вишневый 1 л,Да,Холодные напитки,10.03.2026,1,600,2 400,0,2 400,4
203,778,Овощной котенок,Да,Детское меню,10.03.2026,1,430,860,0,860,2
204,778,Пицца 4 сыра с томатным соусом,Да,Пицца,10.03.2026,1,830,830,0,830,1
205,778,Пицца пепперони,Да,Пицца,10.03.2026,1,820,820,0,820,1
206,778,Свеж.сок апельсиновый 200 мл,Да,Холодные напитки,10.03.2026,1,400,400,0,400,1
207,778,Торт  1 категории,Да,Торт,10.03.2026,1,4 200,8 400,0,8 400,2
208,778,Фруктовый медвежонок,Да,Детское меню,10.03.2026,1,760,760,0,760,1
209,778,Шар сюрприз,Да,Товары касса,10.03.2026,1,2 000,2 000,0,2 000,1
210,837,Аква минерали 2 л,Да,Холодные напитки,03.03.2026,1,390,780,0,780,2
211,837,Анимация Хелло Китти,Да,Анимация,03.03.2026,1,0,0,0,0,1
212,837,Ассорти горячих закусок,Да,На компанию,03.03.2026,1,1 690,1 690,0,1 690,1
213,837,Базовый Будни,Да,Праздники,03.03.2026,1,24 900,24 900,0,24 900,1
214,837,Без  газа,Да,Холодные напитки,03.03.2026,1,0,0,0,0,2
215,837,Билет банкетный Б,Да,Билеты,03.03.2026,1,1 790,1 790,0,1 790,1
216,837,Браслет красный банкетный,Да,Браслет,03.03.2026,1,0,0,0,0,9
217,837,Куриные наггетсы с картошкой фри,Да,Детское меню,03.03.2026,1,540,2 700,0,2 700,5
218,837,Морс клюквенный 1 л,Да,Холодные напитки,03.03.2026,1,600,2 400,0,2 400,4
219,837,Овощной котенок,Да,Детское меню,03.03.2026,1,430,1 720,0,1 720,4
220,837,Пицца 4 сыра с томатным соусом,Да,Пицца,03.03.2026,1,830,830,0,830,1
221,837,Пицца маргарита,Да,Пицца,03.03.2026,1,650,1 300,0,1 300,2
222,837,Пицца пепперони,Да,Пицца,03.03.2026,1,820,820,0,820,1
223,837,"Сервис ""Пробковый сбор""",Да,Пробковый сбор,03.03.2026,1,2 000,4 000,0,4 000,2
224,837,"Сервис ""Сладкий сбор""",Да,Пробковый сбор,03.03.2026,1,2 000,2 000,0,2 000,1
225,837,Сок яблочный 1 л,Да,Холодные напитки,03.03.2026,1,620,1 240,0,1 240,2
226,837,Сырная тарелка,Да,На компанию,03.03.2026,1,1 190,1 190,0,1 190,1
227,837,Фруктовый медвежонок,Да,Детское меню,03.03.2026,1,760,1 520,0,1 520,2
228,837,Ценные эмоции ,Да,Фотоуслуги,03.03.2026,1,4 900,4 900,0,4 900,1
229,837,Шар гелевый,Да,Товары касса,03.03.2026,1,210,210,0,210,1
230,1027,Аква минерали 2 л,Да,Холодные напитки,01.03.2026,1,390,1 950,0,1 950,5
231,1027,Аква минерали 500 мл,Да,Холодные напитки,01.03.2026,1,150,300,0,300,2
232,1027,Без  газа,Да,Холодные напитки,01.03.2026,1,0,0,0,0,5
233,1027,Билет банкетный В,Да,Билеты,01.03.2026,1,2 390,26 290,0,26 290,11
234,1027,Билет Именниник В,Да,Билеты,01.03.2026,1,1 190,1 190,0,1 190,1
235,1027,Браслет голубой безлимит,Да,Браслет,01.03.2026,1,0,0,0,0,1
236,1027,Браслет красный банкетный,Да,Браслет,01.03.2026,1,0,0,0,0,11
237,1027,Домашние пельмешки со сметаной,Да,Детское меню,01.03.2026,1,540,540,0,540,1
238,1027,Интерактивная АП до 10 детей 1 час,Да,Анимация,01.03.2026,1,8 000,8 000,0,8 000,1
239,1027,Куриные наггетсы с картошкой фри,Да,Детское меню,01.03.2026,1,540,6 480,0,6 480,12
240,1027,Куриный шашлычок,Да,Детское меню,01.03.2026,1,530,4 240,0,4 240,8
241,1027,Минидиско 30 мин,Да,Анимация,01.03.2026,1,4 500,4 500,0,4 500,1
242,1027,Молочный улун,Да,Горячие напитки,01.03.2026,1,350,1 750,0,1 750,5
243,1027,Овощи гриль,Да,Гарниры,01.03.2026,1,430,2 150,0,2 150,5
244,1027,Овощной котенок,Да,Детское меню,01.03.2026,1,430,1 290,0,1 290,3
245,1027,Пицца деревенская,Да,Пицца,01.03.2026,1,960,1 920,0,1 920,2
246,1027,Пицца маргарита,Да,Пицца,01.03.2026,1,650,1 950,0,1 950,3
247,1027,Пицца с грушей и горгонзолой,Да,Пицца,01.03.2026,1,970,1 940,0,1 940,2
248,1027,С газом,Да,Холодные напитки,01.03.2026,1,0,0,0,0,2
249,1027,"Сервис ""Сладкий сбор""",Да,Пробковый сбор,01.03.2026,1,2 000,2 000,0,2 000,1
250,1027,Сок яблочный 1 л,Да,Холодные напитки,01.03.2026,1,620,3 100,0,3 100,5
251,1027,Сочная кукуруза,Да,Детское меню,01.03.2026,1,330,990,0,990,3
252,1027,Тесло шоу до 40 мин,Да,Анимация,01.03.2026,1,15 000,15 000,0,15 000,1
253,1027,Фруктовый зайчик,Да,Детское меню,01.03.2026,1,530,1 590,0,1 590,3
254,1188,Анимация Уенсдей,Да,Анимация,01.03.2026,1,0,0,0,0,1
255,1188,Ассорти брускет,Да,На компанию,01.03.2026,1,1 500,1 500,0,1 500,1
256,1188,Ассорти мясных деликатесов,Да,На компанию,01.03.2026,1,1 590,1 590,0,1 590,1
257,1188,Браслет красный банкетный,Да,Браслет,01.03.2026,1,0,0,0,0,1
258,1188,Вода 2л,Да,Холодные напитки,01.03.2026,1,0,0,0,0,2
259,1188,Двойной Капучино,Да,Горячие напитки,01.03.2026,1,380,380,0,380,1
260,1188,Двойной Капучино с кокосовым молоком,Да,Горячие напитки,01.03.2026,1,460,460,0,460,1
261,1188,Капучино,Да,Горячие напитки,01.03.2026,1,250,500,0,500,2
262,1188,Картофель фри с наггетсами ,Да,Гарниры,01.03.2026,1,0,0,0,0,4
263,1188,Лимонад клубничный 1 л,Да,Холодные напитки,01.03.2026,1,550,550,0,550,1
264,1188,Лимонад мохито 1 л,Да,Холодные напитки,01.03.2026,1,550,550,0,550,1
265,1188,Морс клюквенный 1л,Да,Холодные напитки,01.03.2026,1,0,0,0,0,4
266,1188,Овощной котенок,Да,Детское меню,01.03.2026,1,0,0,0,0,4
267,1188,пицца 4 сыра со сливочным соусом,Да,Пицца,01.03.2026,1,0,0,0,0,1
268,1188,пицца маргарита,Да,Пицца,01.03.2026,1,0,0,0,0,2
269,1188,пицца пепперони,Да,Пицца,01.03.2026,1,0,0,0,0,1
270,1188,Премиум Выходные,Да,Праздники,01.03.2026,1,57 900,57 900,0,57 900,1
271,1188,Ризотто с грибами,Да,Паста,01.03.2026,1,680,1 360,0,1 360,2
272,1188,Свеча на торт,Да,Шары,01.03.2026,1,50,50,0,50,1
273,1188,Слаймы,Да,Праздники,01.03.2026,1,0,0,0,,1
274,1188,Сырная тарелка,Да,На компанию,01.03.2026,1,1 190,1 190,0,1 190,1
275,1188,Торт  1 категории,Да,Торт,01.03.2026,1,4 200,8 400,0,8 400,2
276,1188,Треш-коробка М,Да,Праздники,01.03.2026,1,0,0,0,,1
277,1188,фруктовый медвежонок,Да,Детское меню,01.03.2026,1,0,0,0,0,2
278,1188,Эспрессо,Да,Горячие напитки,01.03.2026,1,190,190,0,190,1
279,1237,Аква минерали 2 л,Да,Холодные напитки,16.03.2026,1,390,390,0,390,1
280,1237,Американо,Да,Горячие напитки,16.03.2026,1,190,190,0,190,1
281,1237,Анимация Гарри Потер,Да,Анимация,16.03.2026,1,0,0,0,0,1
282,1237,Ассорти брускет,Да,На компанию,16.03.2026,1,1 500,1 500,0,1 500,1
283,1237,Ассорти горячих закусок,Да,На компанию,16.03.2026,1,1 690,1 690,0,1 690,1
284,1237,Без  газа,Да,Холодные напитки,16.03.2026,1,0,0,0,0,2
285,1237,Билет банкетный Б,Да,Билеты,16.03.2026,1,1 790,3 580,0,3 580,2
286,1237,Билет Именник Будни,Да,Билеты,16.03.2026,1,890,890,0,890,1
287,1237,Билет МногоМама Будни,Да,Билеты,16.03.2026,1,1 340,5 360,0,5 360,4
288,1237,Браслет голубой безлимит,Да,Браслет,16.03.2026,1,0,0,0,0,5
289,1237,Браслет красный банкетный,Да,Браслет,16.03.2026,1,0,0,0,0,10
290,1237,Бургер Джек Дениэлс,Да,Горячее,16.03.2026,1,920,920,0,920,1
291,1237,Вителло тоннато,Да,Закуски,16.03.2026,1,990,1 980,0,1 980,2
292,1237,Вода 2л,Да,Холодные напитки,16.03.2026,1,0,0,0,0,2
293,1237,"Вода Агуша 0,33",Да,Товары касса,16.03.2026,1,110,110,0,110,1
294,1237,"Вода Байкал 0,75 без газа",Да,Холодные напитки,16.03.2026,1,650,650,0,650,1
295,1237,"Вода Байкал 0,75 с газом",Да,Холодные напитки,16.03.2026,1,650,650,0,650,1
296,1237,Грибной крем-суп,Да,Супы,16.03.2026,1,550,550,0,550,1
297,1237,Двойное Эспрессо,Да,Горячие напитки,16.03.2026,1,250,250,0,250,1
298,1237,Двойной Капучино,Да,Горячие напитки,16.03.2026,1,380,760,0,760,2
299,1237,Двойной Латте,Да,Горячие напитки,16.03.2026,1,380,380,0,380,1
300,1237,Диадема Эльзы,Да,Праздники,16.03.2026,1,0,0,0,,1
301,1237,Капучино,Да,Горячие напитки,16.03.2026,1,250,750,0,750,3
302,1237,Карпаччо из мраморной говядины,Да,Закуски,16.03.2026,1,950,950,0,950,1
303,1237,Картофель фри,Да,Гарниры,16.03.2026,1,320,640,0,640,2
304,1237,Картофель фри с наггетсами ,Да,Гарниры,16.03.2026,1,0,0,0,0,4
305,1237,Китайская сенча,Да,Горячие напитки,16.03.2026,1,350,700,0,700,2
306,1237,Крейзи Шейк шоколадный,Да,Коктейли,16.03.2026,1,560,560,0,560,1
307,1237,Куриные крылья в соусе свит-чили,Да,Горячее,16.03.2026,1,790,1 580,0,1 580,2
308,1237,Латте,Да,Горячие напитки,16.03.2026,1,250,500,0,500,2
309,1237,Лимон ,Да,Допы,16.03.2026,1,50,50,0,50,1
310,1237,Лимонад классический 1 л,Да,Холодные напитки,16.03.2026,1,550,1 100,0,1 100,2
311,1237,Лимонад классический 400 мл,Да,Холодные напитки,16.03.2026,1,290,580,0,580,2
312,1237,Лимонад клубничный 1 л,Да,Холодные напитки,16.03.2026,1,550,550,0,550,1
313,1237,Лимонад мохито 1 л,Да,Холодные напитки,16.03.2026,1,550,550,0,550,1
314,1237,Лимонад мохито 400 мл,Да,Холодные напитки,16.03.2026,1,290,580,0,580,2
315,1237,Липтон Зеленый,Да,Холодные напитки,16.03.2026,1,230,230,0,230,1
316,1237,Молочный улун,Да,Горячие напитки,16.03.2026,1,350,350,0,350,1
317,1237,Мороженое Бабл Гам,Да,Десерты,16.03.2026,1,150,150,0,150,1
318,1237,Мороженое вишневое,Да,Десерты,16.03.2026,1,150,150,0,150,1
319,1237,Морс вишневый 1 л,Да,Холодные напитки,16.03.2026,1,600,600,0,600,1
320,1237,Морс вишневый 200 мл,Да,Холодные напитки,16.03.2026,1,230,230,0,230,1
321,1237,Морс клюквенный 1 л,Да,Холодные напитки,16.03.2026,1,600,600,0,600,1
322,1237,Морс клюквенный 1л,Да,Холодные напитки,16.03.2026,1,0,0,0,0,4
323,1237,Овощной котенок,Да,Детское меню,16.03.2026,1,0,0,0,0,4
324,1237,Панна котта малиновая,Да,Десерты,16.03.2026,1,290,290,0,290,1
325,1237,"Пироженое ""Брауни с соленой карамелью""",Да,Десерты,16.03.2026,1,290,870,0,870,3
326,1237,"Пироженое ""Птифур""",Да,Десерты,16.03.2026,1,150,150,0,150,1
327,1237,"Пироженое ШУ "" Ваниль""",Да,Десерты,16.03.2026,1,150,150,0,150,1
328,1237,"Пироженое ШУ ""Фисташка с малиной""",Да,Десерты,16.03.2026,1,150,150,0,150,1
329,1237,"Пироженое ШУ ""Шоколад""",Да,Десерты,16.03.2026,1,150,150,0,150,1
330,1237,пицца 4 сыра со сливочным соусом,Да,Пицца,16.03.2026,1,0,0,0,0,1
331,1237,Пицца 4 сыра со сливочным соусом,Да,Пицца,16.03.2026,1,890,890,0,890,1
332,1237,Пицца деревенская,Да,Пицца,16.03.2026,1,960,960,0,960,1
333,1237,пицца маргарита,Да,Пицца,16.03.2026,1,0,0,0,0,2
334,1237,пицца пепперони,Да,Пицца,16.03.2026,1,0,0,0,0,1
335,1237,Пицца с пармской ветчиной и страчителлой,Да,Пицца,16.03.2026,1,1 130,1 130,0,1 130,1
336,1237,Премиум Будни,Да,Праздники,16.03.2026,1,47 900,47 900,0,47 900,1
337,1237,Ризотто с морепродуктами,Да,Паста,16.03.2026,1,980,1 960,0,1 960,2
338,1237,С газом,Да,Холодные напитки,16.03.2026,1,0,0,0,0,1
339,1237,Салат греческий,Да,Салаты,16.03.2026,1,650,650,0,650,1
340,1237,"Салат с креветками,авокадо и рукколой",Да,Салаты,16.03.2026,1,860,3 440,0,3 440,4
341,1237,Салат с ростбифом и запеченым перцем,Да,Салаты,16.03.2026,1,840,1 680,0,1 680,2
342,1237,Семейный хит,Да,Фотоуслуги,16.03.2026,1,9 900,9 900,0,9 900,1
343,1237,"Сервис ""Пробковый сбор""",Да,Пробковый сбор,16.03.2026,1,2 000,2 000,0,2 000,1
344,1237,"Тарталетка "" Лимон-Лайм""",Да,Десерты,16.03.2026,1,350,700,0,700,2
345,1237,Томленые щечки с картофельным пюре,Да,Горячее,16.03.2026,1,900,2 700,0,2 700,3
346,1237,Треш-коробка М,Да,Праздники,16.03.2026,1,0,0,0,,1
347,1237,фруктовый медвежонок,Да,Детское меню,16.03.2026,1,0,0,0,0,2
348,1237,Чизбургер,Да,Горячее,16.03.2026,1,880,880,0,880,1
349,1237,Эверест Кола,Да,Холодные напитки,16.03.2026,1,230,460,0,460,2
350,1275,Аква минерали 2 л,Да,Холодные напитки,15.03.2026,1,390,780,0,780,2
351,1275,Ассам,Да,Горячие напитки,15.03.2026,1,350,1 750,0,1 750,5
352,1275,Без  газа,Да,Холодные напитки,15.03.2026,1,0,0,0,0,2
353,1275,Билет банкетный В,Да,Билеты,15.03.2026,1,2 390,9 560,0,9 560,4
354,1275,Билет Именниник В,Да,Билеты,15.03.2026,1,1 190,1 190,0,1 190,1
355,1275,Браслет голубой безлимит,Да,Браслет,15.03.2026,1,0,0,0,0,1
356,1275,Браслет красный банкетный,Да,Браслет,15.03.2026,1,0,0,0,0,4
357,1275,Домашние пельмешки со сметаной,Да,Детское меню,15.03.2026,1,540,2 700,0,2 700,5
358,1275,Интерактивная АП до 10 детей 1 час,Да,Анимация,15.03.2026,1,8 000,8 000,0,8 000,1
359,1275,Куриные наггетсы с картошкой фри,Да,Детское меню,15.03.2026,1,540,7 020,0,7 020,13
360,1275,Морс клюквенный 1 л,Да,Холодные напитки,15.03.2026,1,600,3 600,0,3 600,6
361,1275,Овощной котенок,Да,Детское меню,15.03.2026,1,430,2 150,0,2 150,5
362,1275,Овощной сет,Да,На компанию,15.03.2026,1,990,990,0,990,1
363,1275,Пицца 4 сыра со сливочным соусом,Да,Пицца,15.03.2026,1,890,2 670,0,2 670,3
364,1275,Пицца маргарита,Да,Пицца,15.03.2026,1,650,1 950,0,1 950,3
365,1275,Пицца пепперони,Да,Пицца,15.03.2026,1,820,2 460,0,2 460,3
366,1275,Фото А5 (до 5 шт),Да,Фотоуслуги,15.03.2026,1,800,1 600,0,1 600,2
367,1275,Фруктовый медвежонок,Да,Детское меню,15.03.2026,1,760,4 560,0,4 560,6
368,1275,Ценные эмоции ,Да,Фотоуслуги,15.03.2026,1,4 900,4 900,0,4 900,1
369,1284,Аква минерали 500 мл,Да,Холодные напитки,01.03.2026,1,150,1 050,0,1 050,7
370,1284,Ассам,Да,Горячие напитки,01.03.2026,1,350,350,0,350,1
371,1284,Ассорти брускет,Да,На компанию,01.03.2026,1,1 500,3 000,0,3 000,2
372,1284,Без  газа,Да,Холодные напитки,01.03.2026,1,0,0,0,0,7
373,1284,Билет безлимитный В,Да,Билеты,01.03.2026,1,2 390,2 390,0,2 390,1
374,1284,Билет Именниник В,Да,Билеты,01.03.2026,1,1 190,1 190,0,1 190,1
375,1284,Браслет голубой безлимит,Да,Браслет,01.03.2026,1,0,0,0,0,2
376,1284,Капучино,Да,Горячие напитки,01.03.2026,1,250,750,0,750,3
377,1284,Картофель фри,Да,Гарниры,01.03.2026,1,320,960,0,960,3
378,1284,Куриные крылья в соусе свит-чили,Да,Горячее,01.03.2026,1,790,2 370,0,2 370,3
379,1284,Пепперони,Да,Допы,01.03.2026,1,270,270,0,270,1
380,1284,Пицца 4 сыра с томатным соусом,Да,Пицца,01.03.2026,1,830,830,0,830,1
381,1284,Пицца 4 сыра со сливочным соусом,Да,Пицца,01.03.2026,1,890,890,0,890,1
382,1284,Пицца деревенская,Да,Пицца,01.03.2026,1,960,960,0,960,1
383,1284,"Салат с креветками,авокадо и рукколой",Да,Салаты,01.03.2026,1,860,860,0,860,1
384,1284,Салат с хрустящими баклажанами,Да,Салаты,01.03.2026,1,670,670,0,670,1
385,1284,Свиные ребра BBQ,Да,Горячее,01.03.2026,1,980,2 940,0,2 940,3
386,1284,"Сервис ""Сладкий сбор""",Да,Пробковый сбор,01.03.2026,1,2 000,2 000,0,2 000,1
387,1284,Хлебная корзина,Да,Пицца,01.03.2026,1,180,180,0,180,1
388,1284,Цезарь с куриной грудкой,Да,Салаты,01.03.2026,1,720,720,0,720,1
389,1284,Эверест Кола,Да,Холодные напитки,01.03.2026,1,230,2 760,0,2 760,12
390,1314,Аква минерали 500 мл,Да,Холодные напитки,07.03.2026,1,150,2 400,0,2 400,16
391,1314,Анимация Злодеи ДС,Да,Анимация,07.03.2026,1,0,0,0,0,1
392,1314,Ассам,Да,Горячие напитки,07.03.2026,1,350,1 050,0,1 050,3
393,1314,Без  газа,Да,Холодные напитки,07.03.2026,1,0,0,0,0,16
394,1314,Браслет красный банкетный,Да,Браслет,07.03.2026,1,0,0,0,0,1
395,1314,Вода 2л,Да,Холодные напитки,07.03.2026,1,0,0,0,0,2
396,1314,Доплата Фиджитал Квест ,Да,Прадники прочее,07.03.2026,1,2 000,2 000,0,2 000,1
397,1314,Картофель фри,Да,Гарниры,07.03.2026,1,320,320,0,320,1
398,1314,Картофель фри с наггетсами ,Да,Гарниры,07.03.2026,1,0,0,0,0,4
399,1314,Морс клюквенный 1л,Да,Холодные напитки,07.03.2026,1,0,0,0,0,4
400,1314,Овощной котенок,Да,Детское меню,07.03.2026,1,0,0,0,0,4
401,1314,пицца 4 сыра со сливочным соусом,Да,Пицца,07.03.2026,1,0,0,0,0,1
402,1314,пицца маргарита,Да,Пицца,07.03.2026,1,0,0,0,0,2
403,1314,пицца пепперони,Да,Пицца,07.03.2026,1,0,0,0,0,1
404,1314,Премиум Выходные,Да,Праздники,07.03.2026,1,57 900,57 900,0,57 900,1
405,1314,Ризотто с морепродуктами,Да,Паста,07.03.2026,1,980,980,0,980,1
406,1314,Семейный хит,Да,Фотоуслуги,07.03.2026,1,9 900,9 900,0,9 900,1
407,1314,Слаймы,Да,Праздники,07.03.2026,1,0,0,0,,1
408,1314,Стейк из лосося с цукини,Да,Горячее,07.03.2026,1,1 350,1 350,0,1 350,1
409,1314,Торт  1 категории,Да,Торт,07.03.2026,1,4 200,8 400,0,8 400,2
410,1314,Треш-коробка М,Да,Праздники,07.03.2026,1,0,0,0,,1
411,1314,"Филе судака на подушке из слив,ризотто",Да,Горячее,07.03.2026,1,1 080,1 080,0,1 080,1
412,1314,фруктовый медвежонок,Да,Детское меню,07.03.2026,1,0,0,0,0,2
413,1334,Анимация Злодеи ДС,Да,Анимация,13.03.2026,1,0,0,0,0,1
414,1334,Браслет красный банкетный,Да,Браслет,13.03.2026,1,0,0,0,0,8
415,1334,Вода 2л,Да,Холодные напитки,13.03.2026,1,0,0,0,0,2
416,1334,Картофель фри с наггетсами ,Да,Гарниры,13.03.2026,1,0,0,0,0,4
417,1334,Мини диско,Да,Праздники,13.03.2026,1,0,0,0,,1
418,1334,Морс клюквенный 1л,Да,Холодные напитки,13.03.2026,1,0,0,0,0,4
419,1334,Овощной котенок,Да,Детское меню,13.03.2026,1,0,0,0,0,4
420,1334,Оружие майнкрафт,Да,Праздники,13.03.2026,1,0,0,0,,1
421,1334,пицца 4 сыра со сливочным соусом,Да,Пицца,13.03.2026,1,0,0,0,0,1
422,1334,пицца маргарита,Да,Пицца,13.03.2026,1,0,0,0,0,2
423,1334,пицца пепперони,Да,Пицца,13.03.2026,1,0,0,0,0,1
424,1334,Премиум Будни,Да,Праздники,13.03.2026,1,47 900,47 900,0,47 900,1
425,1334,"Сервис ""Сладкий сбор""",Да,Пробковый сбор,13.03.2026,1,2 000,2 000,0,2 000,1
426,1334,фруктовый медвежонок,Да,Детское меню,13.03.2026,1,0,0,0,0,2
427,1408,Анимация Злодеи ДС,Да,Анимация,23.03.2026,1,0,0,0,0,1
428,1408,Базовый Будни,Да,Праздники,23.03.2026,1,24 900,24 900,0,24 900,1
429,1408,Билет Банкетный Мод,Да,Билеты,23.03.2026,1,0,0,0,0,8
430,1408,Браслет красный банкетный,Да,Браслет,23.03.2026,1,0,0,0,0,1
431,1408,Двойной Капучино с миндальным молоком,Да,Горячие напитки,23.03.2026,1,460,460,0,460,1
432,1408,Картофель фри,Да,Гарниры,23.03.2026,1,320,2 560,0,2 560,8
433,1408,Лимонад клубничный 1 л,Да,Холодные напитки,23.03.2026,1,550,1 100,0,1 100,2
434,1408,Морс вишневый 1 л,Да,Холодные напитки,23.03.2026,1,600,3 000,0,3 000,5
435,1408,Морс клюквенный 1 л,Да,Холодные напитки,23.03.2026,1,600,1 800,0,1 800,3
436,1408,Овощной котенок,Да,Детское меню,23.03.2026,1,430,1 290,0,1 290,3
437,1408,Пиньятта,Да,Прадники прочее,23.03.2026,1,3 500,3 500,0,3 500,1
438,1408,Пицца 4 сыра со сливочным соусом,Да,Пицца,23.03.2026,1,890,1 780,0,1 780,2
439,1408,Пицца деревенская,Да,Пицца,23.03.2026,1,960,960,0,960,1
440,1408,Пицца маргарита,Да,Пицца,23.03.2026,1,650,1 950,0,1 950,3
441,1408,Пицца пепперони,Да,Пицца,23.03.2026,1,820,2 460,0,2 460,3
442,1408,Сочная кукуруза,Да,Детское меню,23.03.2026,1,330,660,0,660,2
443,1408,Фото А5 (до 5 шт),Да,Фотоуслуги,23.03.2026,1,800,1 600,0,1 600,2
444,1408,Фруктовый зайчик,Да,Детское меню,23.03.2026,1,530,1 590,0,1 590,3
445,1449,Аква минерали 2 л,Да,Холодные напитки,07.03.2026,1,390,390,0,390,1
446,1449,Ассам,Да,Горячие напитки,07.03.2026,1,350,700,0,700,2
447,1449,Ассорти брускет,Да,На компанию,07.03.2026,1,1 500,1 500,0,1 500,1
448,1449,Без  газа,Да,Холодные напитки,07.03.2026,1,0,0,0,0,1
449,1449,Билет банкетный В,Да,Билеты,07.03.2026,1,2 390,7 170,0,7 170,3
450,1449,Билет Именниник В,Да,Билеты,07.03.2026,1,1 190,1 190,0,1 190,1
451,1449,Браслет голубой безлимит,Да,Браслет,07.03.2026,1,0,0,0,0,1
452,1449,Браслет красный банкетный,Да,Браслет,07.03.2026,1,0,0,0,0,3
453,1449,"Вода Агуша 0,33",Да,Товары касса,07.03.2026,1,110,440,0,440,4
454,1449,Куриные крылья в соусе свит-чили,Да,Горячее,07.03.2026,1,790,790,0,790,1
455,1449,Куриные наггетсы с картошкой фри,Да,Детское меню,07.03.2026,1,540,2 700,0,2 700,5
456,1449,Морс вишневый 1 л,Да,Холодные напитки,07.03.2026,1,600,3 000,0,3 000,5
457,1449,Пицца 4 сыра со сливочным соусом,Да,Пицца,07.03.2026,1,890,890,0,890,1
458,1449,Пицца пепперони,Да,Пицца,07.03.2026,1,820,820,0,820,1
459,1449,Пицца с грушей и горгонзолой,Да,Пицца,07.03.2026,1,970,970,0,970,1
460,1449,"Сервис ""Сладкий сбор""",Да,Пробковый сбор,07.03.2026,1,2 000,2 000,0,2 000,1
461,1449,Шар гелевый,Да,Товары касса,07.03.2026,1,210,1 050,0,1 050,5
462,1449,Шар цифра,Да,Товары касса,07.03.2026,1,690,690,0,690,1
463,1561,Аква минерали 2 л,Да,Холодные напитки,06.03.2026,1,390,1 560,0,1 560,4
464,1561,Американо,Да,Горячие напитки,06.03.2026,1,190,190,0,190,1
465,1561,Ассам,Да,Горячие напитки,06.03.2026,1,350,350,0,350,1
466,1561,Без  газа,Да,Холодные напитки,06.03.2026,1,0,0,0,0,4
467,1561,Билет Именник Будни,Да,Билеты,06.03.2026,1,890,890,0,890,1
468,1561,Билет счастливое утро Б,Да,Билеты,06.03.2026,1,1 290,7 740,0,7 740,6
469,1561,Браслет голубой безлимит,Да,Браслет,06.03.2026,1,0,0,0,0,7
470,1561,Жасминовый,Да,Горячие напитки,06.03.2026,1,350,350,0,350,1
471,1561,Картофельное пюре,Да,Гарниры,06.03.2026,1,0,0,0,0,1
472,1561,Котлетка-эскимо из курицы,Да,Детское меню,06.03.2026,1,590,590,0,590,1
473,1561,Куриные наггетсы с картошкой фри,Да,Детское меню,06.03.2026,1,540,3 780,0,3 780,7
474,1561,Лимонад мохито 1 л,Да,Холодные напитки,06.03.2026,1,550,550,0,550,1
475,1561,Морс клюквенный 1 л,Да,Холодные напитки,06.03.2026,1,600,1 200,0,1 200,2
476,1561,Овощной сет,Да,На компанию,06.03.2026,1,990,1 980,0,1 980,2
477,1561,Пицца 4 сыра со сливочным соусом,Да,Пицца,06.03.2026,1,890,1 780,0,1 780,2
478,1561,Пицца маргарита,Да,Пицца,06.03.2026,1,650,650,0,650,1
479,1561,Пицца пепперони,Да,Пицца,06.03.2026,1,820,1 640,0,1 640,2
480,1561,"Сервис ""Сладкий сбор""",Да,Пробковый сбор,06.03.2026,1,2 000,2 000,0,2 000,1
481,1561,Супчик с картофелем и фрикадельками из курицы,Да,Детское меню,06.03.2026,1,420,420,0,420,1
482,1561,Хлебная корзина,Да,Пицца,06.03.2026,1,180,180,0,180,1
483,1561,Эверест Кола,Да,Холодные напитки,06.03.2026,1,230,460,0,460,2
484,1561,Эрл Грей,Да,Горячие напитки,06.03.2026,1,350,350,0,350,1
485,1564,Аква минерали 2 л,Да,Холодные напитки,14.03.2026,1,390,780,0,780,2
486,1564,Без  газа,Да,Холодные напитки,14.03.2026,1,0,0,0,0,2
487,1564,Билет банкетный В,Да,Билеты,14.03.2026,1,2 390,16 730,0,16 730,7
488,1564,Билет Именниник В,Да,Билеты,14.03.2026,1,1 190,1 190,0,1 190,1
489,1564,Билет МногоМама В,Да,Билеты,14.03.2026,1,1 790,3 580,0,3 580,2
490,1564,Браслет голубой безлимит,Да,Браслет,14.03.2026,1,0,0,0,0,3
491,1564,Браслет красный банкетный,Да,Браслет,14.03.2026,1,0,0,0,0,7
492,1564,"Капкейк ""Брауни""",Да,Десерты,14.03.2026,1,290,1 740,0,1 740,6
493,1564,"Капкейк ""Ченая смородина""",Да,Десерты,14.03.2026,1,290,1 740,0,1 740,6
494,1564,Картофель фри,Да,Гарниры,14.03.2026,1,320,3 200,0,3 200,10
495,1564,Лимонад клубничный 1 л,Да,Холодные напитки,14.03.2026,1,550,1 100,0,1 100,2
496,1564,Лимонад мохито 1 л,Да,Холодные напитки,14.03.2026,1,550,1 100,0,1 100,2
497,1564,Минидиско 30 мин,Да,Анимация,14.03.2026,1,4 500,4 500,0,4 500,1
498,1564,Молочный коктейль ванильный,Да,Коктейли,14.03.2026,1,420,840,0,840,2
499,1564,Молочный коктейль клубничный,Да,Коктейли,14.03.2026,1,420,420,0,420,1
500,1564,Молочный коктейль шоколадный,Да,Коктейли,14.03.2026,1,420,840,0,840,2
501,1564,Мороженое ванильное,Да,Десерты,14.03.2026,1,150,150,0,150,1
502,1564,Морс клюквенный 1 л,Да,Холодные напитки,14.03.2026,1,600,1 200,0,1 200,2
503,1564,Овощной котенок,Да,Детское меню,14.03.2026,1,430,860,0,860,2
504,1564,Овощной сет,Да,На компанию,14.03.2026,1,990,990,0,990,1
505,1564,Пицца деревенская,Да,Пицца,14.03.2026,1,960,1 920,0,1 920,2
506,1564,Пицца пепперони,Да,Пицца,14.03.2026,1,820,2 460,0,2 460,3
507,1564,Соус барбекю 40 гр,Да,Соусы,14.03.2026,1,100,200,0,200,2
508,1564,Соус сырный,Да,Соусы,14.03.2026,1,100,200,0,200,2
509,1564,Фруктовый медвежонок,Да,Детское меню,14.03.2026,1,760,1 520,0,1 520,2
510,1583,Авторский чай малина,Да,Горячие напитки,24.03.2026,1,450,900,0,900,2
511,1583,Авторский чай облепиха,Да,Горячие напитки,24.03.2026,1,450,900,0,900,2
512,1583,Аква минерали 2 л,Да,Холодные напитки,24.03.2026,1,390,1 170,0,1 170,3
513,1583,Анимация Леди Бак,Да,Анимация,24.03.2026,1,0,0,0,0,1
514,1583,Базовый Будни,Да,Праздники,24.03.2026,1,24 900,24 900,0,24 900,1
515,1583,Без  газа,Да,Холодные напитки,24.03.2026,1,0,0,0,0,3
516,1583,Билет Именник Будни,Да,Билеты,24.03.2026,1,890,890,0,890,1
517,1583,Браслет голубой безлимит,Да,Браслет,24.03.2026,1,0,0,0,0,1
518,1583,Браслет красный банкетный,Да,Браслет,24.03.2026,1,0,0,0,0,8
519,1583,Куриные наггетсы с картошкой фри,Да,Детское меню,24.03.2026,1,540,4 860,0,4 860,9
520,1583,Морс вишневый 1 л,Да,Холодные напитки,24.03.2026,1,600,1 200,0,1 200,2
521,1583,Морс клюквенный 1 л,Да,Холодные напитки,24.03.2026,1,600,1 200,0,1 200,2
522,1583,Овощной котенок,Да,Детское меню,24.03.2026,1,430,430,0,430,1
523,1583,Пати-рум 1 час,Да,Прадники прочее,24.03.2026,1,3 000,3 000,0,3 000,1
524,1583,Пицца 4 сыра с томатным соусом,Да,Пицца,24.03.2026,1,830,1 660,0,1 660,2
525,1583,Пицца маргарита,Да,Пицца,24.03.2026,1,650,1 300,0,1 300,2
526,1583,Пицца пепперони,Да,Пицца,24.03.2026,1,820,1 640,0,1 640,2
527,1583,Свеча цифра,Да,Шары,24.03.2026,1,150,150,0,150,1
528,1583,Торт  1 категории,Да,Торт,24.03.2026,1,4 200,8 400,0,8 400,2
529,1583,Фруктовый медвежонок,Да,Детское меню,24.03.2026,1,760,760,0,760,1
530,1583,Шар гелевый,Да,Товары касса,24.03.2026,1,210,210,0,210,1
531,1618,Аква минерали 2 л,Да,Холодные напитки,25.03.2026,1,390,390,0,390,1
532,1618,Американо,Да,Горячие напитки,25.03.2026,1,190,190,0,190,1
533,1618,Без  газа,Да,Холодные напитки,25.03.2026,1,0,0,0,0,1
534,1618,Билет банкетный Б,Да,Билеты,25.03.2026,1,1 790,16 110,0,16 110,9
535,1618,Билет Именник Будни,Да,Билеты,25.03.2026,1,890,890,0,890,1
536,1618,Браслет голубой безлимит,Да,Браслет,25.03.2026,1,0,0,0,0,1
537,1618,Браслет красный банкетный,Да,Браслет,25.03.2026,1,0,0,0,0,9
538,1618,Интерактивная АП до 10 детей 1 час,Да,Анимация,25.03.2026,1,8 000,8 000,0,8 000,1
539,1618,Куриные наггетсы с картошкой фри,Да,Детское меню,25.03.2026,1,540,4 860,0,4 860,9
540,1618,Лимонад клубничный 1 л,Да,Холодные напитки,25.03.2026,1,550,1 100,0,1 100,2
541,1618,Макарошки,Да,Гарниры,25.03.2026,1,0,0,0,0,1
542,1618,Пицца 4 сыра со сливочным соусом,Да,Пицца,25.03.2026,1,890,890,0,890,1
543,1618,Пицца деревенская,Да,Пицца,25.03.2026,1,960,960,0,960,1
544,1618,Сосиськи-осьминожки,Да,Детское меню,25.03.2026,1,640,640,0,640,1
545,1633,Аква минерали 2 л,Да,Холодные напитки,07.03.2026,1,390,390,0,390,1
546,1633,Американо,Да,Горячие напитки,07.03.2026,1,190,380,0,380,2
547,1633,Без  газа,Да,Холодные напитки,07.03.2026,1,0,0,0,0,1
548,1633,Билет банкетный В,Да,Билеты,07.03.2026,1,2 390,9 560,0,9 560,4
549,1633,Билет Именниник В,Да,Билеты,07.03.2026,1,1 190,1 190,0,1 190,1
550,1633,Билет МногоМама В,Да,Билеты,07.03.2026,1,1 790,1 790,0,1 790,1
551,1633,Браслет голубой безлимит,Да,Браслет,07.03.2026,1,0,0,0,0,2
552,1633,Браслет красный банкетный,Да,Браслет,07.03.2026,1,0,0,0,0,4
553,1633,Двойной Капучино,Да,Горячие напитки,07.03.2026,1,380,760,0,760,2
554,1633,Интерактивная АП до 10 детей 1 час,Да,Анимация,07.03.2026,1,8 000,8 000,0,8 000,1
555,1633,Капучино,Да,Горячие напитки,07.03.2026,1,250,250,0,250,1
556,1633,Картофельные дольки,Да,Гарниры,07.03.2026,1,320,960,0,960,3
557,1633,Кетчуп,Да,Соусы,07.03.2026,1,100,300,0,300,3
558,1633,Корица,Да,Бар,07.03.2026,1,0,0,0,0,1
559,1633,Лимон ,Да,Допы,07.03.2026,1,50,50,0,50,1
560,1633,Лимонад мохито 1 л,Да,Холодные напитки,07.03.2026,1,550,1 650,0,1 650,3
561,1633,Мастер класс до  детей  30 мин,Да,Анимация,07.03.2026,1,7 500,7 500,0,7 500,1
562,1633,Мини-бургер с говядиной и картошкой фри,Да,Детское меню,07.03.2026,1,740,4 440,0,4 440,6
563,1633,Морс клюквенный 1 л,Да,Холодные напитки,07.03.2026,1,600,1 800,0,1 800,3
564,1633,Пати-рум 1 час,Да,Прадники прочее,07.03.2026,1,3 000,9 000,0,9 000,3
565,1633,Пиньятта,Да,Прадники прочее,07.03.2026,1,3 500,3 500,0,3 500,1
566,1633,Пицца 4 сыра с томатным соусом,Да,Пицца,07.03.2026,1,830,830,0,830,1
567,1633,Пицца бамбине,Да,Пицца,07.03.2026,1,750,1 500,0,1 500,2
568,1633,Пицца пепперони,Да,Пицца,07.03.2026,1,820,2 460,0,2 460,3
569,1633,"Сервис ""Сладкий сбор""",Да,Пробковый сбор,07.03.2026,1,2 000,2 000,0,2 000,1
570,1633,Сырная тарелка,Да,На компанию,07.03.2026,1,1 190,1 190,0,1 190,1
571,1633,Фруктовый зайчик,Да,Детское меню,07.03.2026,1,530,1 060,0,1 060,2
572,1633,Шар гелевый,Да,Товары касса,07.03.2026,1,210,1 260,0,1 260,6
573,1633,Шар цифра,Да,Товары касса,07.03.2026,1,690,690,0,690,1
574,1654,Аква минерали 2 л,Да,Холодные напитки,24.03.2026,1,390,780,0,780,2
575,1654,Анимация Мультики Дисней,Да,Анимация,24.03.2026,1,0,0,0,0,1
576,1654,Базовый Будни,Да,Праздники,24.03.2026,1,24 900,24 900,0,24 900,1
577,1654,Без  газа,Да,Холодные напитки,24.03.2026,1,0,0,0,0,2
578,1654,Билет банкетный Б,Да,Билеты,24.03.2026,1,1 790,1 790,0,1 790,1
579,1654,Билет Именник Будни,Да,Билеты,24.03.2026,1,890,890,0,890,1
580,1654,Браслет голубой безлимит,Да,Браслет,24.03.2026,1,0,0,0,0,1
581,1654,Браслет красный банкетный,Да,Браслет,24.03.2026,1,0,0,0,0,9
582,1654,Куриные наггетсы с картошкой фри,Да,Детское меню,24.03.2026,1,540,2 160,0,2 160,4
583,1654,Морс клюквенный 1 л,Да,Холодные напитки,24.03.2026,1,600,2 400,0,2 400,4
584,1654,Пицца 4 сыра со сливочным соусом,Да,Пицца,24.03.2026,1,890,890,0,890,1
585,1654,Пицца деревенская,Да,Пицца,24.03.2026,1,960,960,0,960,1
586,1654,Пицца маргарита,Да,Пицца,24.03.2026,1,650,1 300,0,1 300,2
587,1654,Пицца пепперони,Да,Пицца,24.03.2026,1,820,820,0,820,1
588,1654,"Сервис ""Сладкий сбор""",Да,Пробковый сбор,24.03.2026,1,2 000,2 000,0,2 000,1
589,1654,Фруктовый зайчик,Да,Детское меню,24.03.2026,1,530,1 590,0,1 590,3
590,1668,"Брускетта с лососем,сливоч.сыром и гуакомоле",Да,Закуски,06.03.2026,1,563,1 500,375,1 125,2
591,1668,"Брускетта с маринов,грушей и пармой",Да,Закуски,06.03.2026,1,563,1 500,375,1 125,2
592,1668,Брускетта с печеным перцем и страчителлой,Да,Закуски,06.03.2026,1,600,1 600,400,1 200,2
593,1668,Вителло тоннато,Да,Закуски,06.03.2026,1,743,1 980,495,1 485,2
594,1668,Драники из цукини с лососем и сыром креметте,Да,Завтраки,06.03.2026,1,623,2 490,623,1 868,3
595,1668,Зеленый салат,Да,Салаты,06.03.2026,1,510,1 360,340,1 020,2
596,1668,Китайская сенча,Да,Горячие напитки,06.03.2026,1,263,350,88,263,1
597,1668,Лимонад классический 1 л,Да,Холодные напитки,06.03.2026,1,413,1 100,275,825,2
598,1668,Лимонад клубничный 1 л,Да,Холодные напитки,06.03.2026,1,413,1 100,275,825,2
599,1668,Лимонад мохито 1 л,Да,Холодные напитки,06.03.2026,1,413,1 100,275,825,2
600,1668,Лосось фирменного посола,Да,Закуски,06.03.2026,1,675,1 800,450,1 350,2
601,1668,Овощной сет,Да,На компанию,06.03.2026,1,743,1 980,495,1 485,2
602,1668,Салат греческий,Да,Салаты,06.03.2026,1,488,1 300,325,975,2
603,1668,Салат с хрустящими баклажанами,Да,Салаты,06.03.2026,1,503,2 010,503,1 508,3
604,1668,Цезарь с куриной грудкой,Да,Салаты,06.03.2026,1,540,2 160,540,1 620,3
605,1705,Аква минерали 2 л,Да,Холодные напитки,07.03.2026,1,390,390,0,390,1
606,1705,Ассорти горячих закусок,Да,На компанию,07.03.2026,1,1 690,1 690,0,1 690,1
607,1705,Ассорти мясных деликатесов,Да,На компанию,07.03.2026,1,1 590,1 590,0,1 590,1
608,1705,Без  газа,Да,Холодные напитки,07.03.2026,1,0,0,0,0,1
609,1705,Билет Именниник В,Да,Билеты,07.03.2026,1,1 190,1 190,0,1 190,1
610,1705,Билет МногоМама В,Да,Билеты,07.03.2026,1,1 790,1 790,0,1 790,1
611,1705,Браслет голубой безлимит,Да,Браслет,07.03.2026,1,0,0,0,0,2
612,1705,Овощной сет,Да,На компанию,07.03.2026,1,990,990,0,990,1
613,1705,Пицца 4 сыра с томатным соусом,Да,Пицца,07.03.2026,1,830,830,0,830,1
614,1705,Сырная тарелка,Да,На компанию,07.03.2026,1,1 190,1 190,0,1 190,1
615,1705,Эверест Кола,Да,Холодные напитки,07.03.2026,1,230,460,0,460,2
616,1706,Ассорти горячих закусок,Да,На компанию,07.03.2026,1,1 690,1 690,0,1 690,1
617,1706,Ассорти мясных деликатесов,Да,На компанию,07.03.2026,1,1 590,1 590,0,1 590,1
618,1706,Билет банкетный В,Да,Билеты,07.03.2026,1,2 390,7 170,0,7 170,3
619,1706,Билет Именниник В,Да,Билеты,07.03.2026,1,1 190,1 190,0,1 190,1
620,1706,Браслет голубой безлимит,Да,Браслет,07.03.2026,1,0,0,0,0,1
621,1706,Браслет красный банкетный,Да,Браслет,07.03.2026,1,0,0,0,0,3
622,1706,Домашние пельмешки со сметаной,Да,Детское меню,07.03.2026,1,540,1 080,0,1 080,2
623,1706,Картофельное пюре,Да,Гарниры,07.03.2026,1,0,0,0,0,1
624,1706,Котлетка-эскимо из курицы,Да,Детское меню,07.03.2026,1,590,590,0,590,1
625,1706,Макарошки,Да,Гарниры,07.03.2026,1,0,0,0,0,1
626,1706,Молочный улун,Да,Горячие напитки,07.03.2026,1,350,350,0,350,1
627,1706,Овощной сет,Да,На компанию,07.03.2026,1,990,990,0,990,1
628,1706,Пати-рум 1 час,Да,Прадники прочее,07.03.2026,1,3 000,3 000,0,3 000,1
629,1706,Пицца деревенская,Да,Пицца,07.03.2026,1,960,960,0,960,1
630,1706,Пицца пепперони,Да,Пицца,07.03.2026,1,820,820,0,820,1
631,1706,Пицца с грушей и горгонзолой,Да,Пицца,07.03.2026,1,970,970,0,970,1
632,1706,Сок апельсиновый 1 л,Да,Холодные напитки,07.03.2026,1,620,620,0,620,1
633,1706,Сок яблочный 1 л,Да,Холодные напитки,07.03.2026,1,620,620,0,620,1
634,1706,Сосиськи-осьминожки,Да,Детское меню,07.03.2026,1,640,640,0,640,1
635,1737,Анимация Трансформеры,Да,Анимация,21.03.2026,1,0,0,0,0,1
636,1737,Браслет красный банкетный,Да,Браслет,21.03.2026,1,0,0,0,0,1
637,1737,Вода 2л,Да,Холодные напитки,21.03.2026,1,0,0,0,0,2
638,1737,Двойной Капучино,Да,Горячие напитки,21.03.2026,1,380,380,0,380,1
639,1737,Двойной Латте,Да,Горячие напитки,21.03.2026,1,380,380,0,380,1
640,1737,Картофель фри с наггетсами ,Да,Гарниры,21.03.2026,1,0,0,0,0,4
641,1737,Китайская сенча,Да,Горячие напитки,21.03.2026,1,350,350,0,350,1
642,1737,Куриные наггетсы с картошкой фри,Да,Детское меню,21.03.2026,1,540,2 700,0,2 700,5
643,1737,Молочный улун,Да,Горячие напитки,21.03.2026,1,350,350,0,350,1
644,1737,Морс клюквенный 1 л,Да,Холодные напитки,21.03.2026,1,600,600,0,600,1
645,1737,Морс клюквенный 1л,Да,Холодные напитки,21.03.2026,1,0,0,0,0,4
646,1737,Овощной котенок,Да,Детское меню,21.03.2026,1,0,0,0,0,4
647,1737,Оружие майнкрафт,Да,Праздники,21.03.2026,1,0,0,0,,1
648,1737,пицца 4 сыра со сливочным соусом,Да,Пицца,21.03.2026,1,0,0,0,0,1
649,1737,пицца маргарита,Да,Пицца,21.03.2026,1,0,0,0,0,2
650,1737,пицца пепперони,Да,Пицца,21.03.2026,1,0,0,0,0,1
651,1737,Премиум Выходные,Да,Праздники,21.03.2026,1,57 900,57 900,0,57 900,1
652,1737,"Сервис ""Сладкий сбор""",Да,Пробковый сбор,21.03.2026,1,2 000,2 000,0,2 000,1
653,1737,Треш-коробка М,Да,Праздники,21.03.2026,1,0,0,0,,1
654,1737,фруктовый медвежонок,Да,Детское меню,21.03.2026,1,0,0,0,0,2
655,1737,Эрл Грей,Да,Горячие напитки,21.03.2026,1,350,1 050,0,1 050,3
656,1830,Аква минерали 2 л,Да,Холодные напитки,14.03.2026,1,390,390,0,390,1
657,1830,Ассам,Да,Горячие напитки,14.03.2026,1,350,350,0,350,1
658,1830,Без  газа,Да,Холодные напитки,14.03.2026,1,0,0,0,0,1
659,1830,Билет Именниник В,Да,Билеты,14.03.2026,1,1 190,2 380,0,2 380,2
660,1830,Билет МногоМама В,Да,Билеты,14.03.2026,1,1 790,8 950,0,8 950,5
661,1830,Браслет голубой безлимит,Да,Браслет,14.03.2026,1,0,0,0,0,7
662,1830,Интерактивная АП до 10 детей 1 час,Да,Анимация,14.03.2026,1,8 000,8 000,0,8 000,1
663,1830,Куриные наггетсы с картошкой фри,Да,Детское меню,14.03.2026,1,540,1 620,0,1 620,3
664,1830,Морс клюквенный 1 л,Да,Холодные напитки,14.03.2026,1,600,1 200,0,1 200,2
665,1830,Овощной котенок,Да,Детское меню,14.03.2026,1,430,430,0,430,1
666,1830,Пицца пепперони,Да,Пицца,14.03.2026,1,820,1 640,0,1 640,2
667,1830,"Сервис ""Сладкий сбор""",Да,Пробковый сбор,14.03.2026,1,2 000,2 000,0,2 000,1
668,1943,Аква минерали 2 л,Да,Холодные напитки,22.03.2026,1,390,780,0,780,2
669,1943,Анимация Куклы Лол,Да,Анимация,22.03.2026,1,0,0,0,0,1
670,1943,Ассам,Да,Горячие напитки,22.03.2026,1,350,350,0,350,1
671,1943,Без  газа,Да,Холодные напитки,22.03.2026,1,0,0,0,0,2
672,1943,Билет Банкетный Мод,Да,Билеты,22.03.2026,1,0,0,0,0,8
673,1943,Билет Именниник В,Да,Билеты,22.03.2026,1,1 190,1 190,0,1 190,1
674,1943,Браслет голубой безлимит,Да,Браслет,22.03.2026,1,0,0,0,0,1
675,1943,Браслет красный банкетный,Да,Браслет,22.03.2026,1,0,0,0,0,1
676,1943,Вода 2л,Да,Холодные напитки,22.03.2026,1,0,0,0,0,2
677,1943,Картофель фри с наггетсами ,Да,Гарниры,22.03.2026,1,0,0,0,0,4
678,1943,Мини диско,Да,Праздники,22.03.2026,1,0,0,0,,1
679,1943,Молочный улун,Да,Горячие напитки,22.03.2026,1,350,350,0,350,1
680,1943,Морс клюквенный 1л,Да,Холодные напитки,22.03.2026,1,0,0,0,0,4
681,1943,Овощной котенок,Да,Детское меню,22.03.2026,1,0,0,0,0,4
682,1943,Оружие майнкрафт,Да,Праздники,22.03.2026,1,0,0,0,,1
683,1943,Пати-рум 1 час,Да,Прадники прочее,22.03.2026,1,3 000,3 000,0,3 000,1
684,1943,пицца 4 сыра со сливочным соусом,Да,Пицца,22.03.2026,1,0,0,0,0,1
685,1943,пицца маргарита,Да,Пицца,22.03.2026,1,0,0,0,0,2
686,1943,пицца пепперони,Да,Пицца,22.03.2026,1,0,0,0,0,1
687,1943,Премиум Выходные,Да,Праздники,22.03.2026,1,57 900,57 900,0,57 900,1
688,1943,Свеча цифра,Да,Шары,22.03.2026,1,150,150,0,150,1
689,1943,Семейный хит,Да,Фотоуслуги,22.03.2026,1,9 900,9 900,0,9 900,1
690,1943,Торт  1 категории,Да,Торт,22.03.2026,1,4 200,8 400,0,8 400,2
691,1943,фруктовый медвежонок,Да,Детское меню,22.03.2026,1,0,0,0,0,2
692,2155,Аква минерали 2 л,Да,Холодные напитки,22.03.2026,1,390,390,0,390,1
693,2155,Американо,Да,Горячие напитки,22.03.2026,1,190,190,0,190,1
694,2155,Анимация Аниме,Да,Анимация,22.03.2026,1,0,0,0,0,1
695,2155,Ассорти брускет,Да,На компанию,22.03.2026,1,1 500,3 000,0,3 000,2
696,2155,Ассорти горячих закусок,Да,На компанию,22.03.2026,1,1 690,3 380,0,3 380,2
697,2155,Без  газа,Да,Холодные напитки,22.03.2026,1,0,0,0,0,1
698,2155,Билет Банкетный Мод,Да,Билеты,22.03.2026,1,0,0,0,0,1
699,2155,Браслет красный банкетный,Да,Браслет,22.03.2026,1,0,0,0,0,1
700,2155,Вода 2л,Да,Холодные напитки,22.03.2026,1,0,0,0,0,2
701,2155,Двойной Капучино,Да,Горячие напитки,22.03.2026,1,380,1 520,0,1 520,4
702,2155,Двойной Капучино с миндальным молоком,Да,Горячие напитки,22.03.2026,1,460,460,0,460,1
703,2155,Жасминовый,Да,Горячие напитки,22.03.2026,1,350,1 400,0,1 400,4
704,2155,Картофель фри с наггетсами ,Да,Гарниры,22.03.2026,1,0,0,0,0,4
705,2155,Латте,Да,Горячие напитки,22.03.2026,1,250,500,0,500,2
706,2155,Лимонад клубничный 1 л,Да,Холодные напитки,22.03.2026,1,550,550,0,550,1
707,2155,Лимонад мохито 1 л,Да,Холодные напитки,22.03.2026,1,550,3 300,0,3 300,6
708,2155,Мини диско,Да,Праздники,22.03.2026,1,0,0,0,,1
709,2155,Морс клюквенный 1л,Да,Холодные напитки,22.03.2026,1,0,0,0,0,4
710,2155,Овощной котенок,Да,Детское меню,22.03.2026,1,0,0,0,0,4
711,2155,Овощной сет,Да,На компанию,22.03.2026,1,990,1 980,0,1 980,2
712,2155,пицца 4 сыра со сливочным соусом,Да,Пицца,22.03.2026,1,0,0,0,0,1
713,2155,пицца маргарита,Да,Пицца,22.03.2026,1,0,0,0,0,2
714,2155,пицца пепперони,Да,Пицца,22.03.2026,1,0,0,0,0,1
715,2155,Роспись пряников,Да,Праздники,22.03.2026,1,0,0,0,,1
716,2155,"Салат с креветками,авокадо и рукколой",Да,Салаты,22.03.2026,1,860,860,0,860,1
717,2155,Свеж.сок яблочный  200 мл,Да,Холодные напитки,22.03.2026,1,400,400,0,400,1
718,2155,Свеча цифра,Да,Шары,22.03.2026,1,150,150,0,150,1
719,2155,Сироп соленая карамель 30 мл,Да,Допы,22.03.2026,1,50,50,0,50,1
720,2155,Сырная тарелка,Да,На компанию,22.03.2026,1,1 190,2 380,0,2 380,2
721,2155,Томленые щечки с картофельным пюре,Да,Горячее,22.03.2026,1,900,900,0,900,1
722,2155,Торт  1 категории,Да,Торт,22.03.2026,1,4 200,8 400,0,8 400,2
723,2155,Фото А5 (от 10 шт),Да,Фотоуслуги,22.03.2026,1,500,5 000,0,5 000,10
724,2155,фруктовый медвежонок,Да,Детское меню,22.03.2026,1,0,0,0,0,2
725,2155,Шар сюрприз,Да,Праздники,22.03.2026,1,0,0,0,,1
726,2155,Шоу Мыльное,Да,Праздники,22.03.2026,1,0,0,0,,1
727,2155,Эксклюзив Выходные,Да,Праздники,22.03.2026,1,89 900,89 900,0,89 900,1
728,2155,Эрл Грей,Да,Горячие напитки,22.03.2026,1,350,1 050,0,1 050,3
729,2242,Аква минерали 2 л,Да,Холодные напитки,28.03.2026,1,390,390,0,390,1
730,2242,Американо,Да,Горячие напитки,28.03.2026,1,190,380,0,380,2
731,2242,Ассорти брускет,Да,На компанию,28.03.2026,1,1 500,3 000,0,3 000,2
732,2242,Ассорти горячих закусок,Да,На компанию,28.03.2026,1,1 690,1 690,0,1 690,1
733,2242,Без  газа,Да,Холодные напитки,28.03.2026,1,0,0,0,0,1
734,2242,Билет Именниник В,Да,Билеты,28.03.2026,1,1 190,1 190,0,1 190,1
735,2242,Билет МногоМама В,Да,Билеты,28.03.2026,1,1 790,17 900,0,17 900,10
736,2242,Браслет голубой безлимит,Да,Браслет,28.03.2026,1,0,0,0,0,11
737,2242,Интерактивная АП до 10 детей 1 час,Да,Анимация,28.03.2026,1,8 000,8 000,0,8 000,1
738,2242,Котлетка-эскимо из курицы,Да,Детское меню,28.03.2026,1,590,1 180,0,1 180,2
739,2242,Куриные крылья в соусе свит-чили,Да,Горячее,28.03.2026,1,790,2 370,0,2 370,3
740,2242,Куриные наггетсы с картошкой фри,Да,Детское меню,28.03.2026,1,540,1 620,0,1 620,3
741,2242,Куриный шашлычок,Да,Детское меню,28.03.2026,1,530,1 590,0,1 590,3
742,2242,Лимонад классический 1 л,Да,Холодные напитки,28.03.2026,1,550,1 650,0,1 650,3
743,2242,Лимонад клубничный 1 л,Да,Холодные напитки,28.03.2026,1,550,1 650,0,1 650,3
744,2242,Лимонад мохито 1 л,Да,Холодные напитки,28.03.2026,1,550,1 100,0,1 100,2
745,2242,Макарошки,Да,Гарниры,28.03.2026,1,0,0,0,0,2
746,2242,Мастер класс до  детей  30 мин,Да,Анимация,28.03.2026,1,7 500,7 500,0,7 500,1
747,2242,Овощной котенок,Да,Детское меню,28.03.2026,1,430,860,0,860,2
748,2242,Пицца 4 сыра со сливочным соусом,Да,Пицца,28.03.2026,1,890,890,0,890,1
749,2242,Пицца маргарита,Да,Пицца,28.03.2026,1,650,650,0,650,1
750,2242,Пицца пепперони,Да,Пицца,28.03.2026,1,820,820,0,820,1
751,2242,Пицца с грушей и горгонзолой,Да,Пицца,28.03.2026,1,970,970,0,970,1
752,2242,Поке с лососем,Да,Поке,28.03.2026,1,950,950,0,950,1
753,2242,Свеча на торт,Да,Шары,28.03.2026,1,50,300,0,300,6
754,2242,Семейный хит,Да,Фотоуслуги,28.03.2026,1,9 900,9 900,0,9 900,1
755,2242,Сок яблочный 1 л,Да,Холодные напитки,28.03.2026,1,620,1 240,0,1 240,2
756,2242,Сочная кукуруза,Да,Детское меню,28.03.2026,1,330,660,0,660,2
757,2242,Тесло шоу до 40 мин,Да,Анимация,28.03.2026,1,15 000,15 000,0,15 000,1
758,2242,Фруктовый медвежонок,Да,Детское меню,28.03.2026,1,760,1 520,0,1 520,2
759,2242,Цезарь с куриной грудкой,Да,Салаты,28.03.2026,1,720,720,0,720,1
760,2242,Шар гелевый,Да,Товары касса,28.03.2026,1,210,2 310,0,2 310,11
761,2242,Эрл Грей,Да,Горячие напитки,28.03.2026,1,350,700,0,700,2
762,2257,Билет банкетный В,Да,Билеты,14.03.2026,1,2 390,11 950,0,11 950,5
763,2257,Билет Именниник В,Да,Билеты,14.03.2026,1,1 190,1 190,0,1 190,1
764,2257,Браслет голубой безлимит,Да,Браслет,14.03.2026,1,0,0,0,0,1
765,2257,Браслет красный банкетный,Да,Браслет,14.03.2026,1,0,0,0,0,5
766,2257,Пати-рум 1 час,Да,Прадники прочее,14.03.2026,1,3 000,3 000,0,3 000,1
767,2257,"Сервис ""Сладкий сбор""",Да,Пробковый сбор,14.03.2026,1,2 000,2 000,0,2 000,1
768,2264,Американо,Да,Горячие напитки,22.03.2026,1,190,190,0,190,1
769,2264,Анимация Мультики Дисней,Да,Анимация,22.03.2026,1,0,0,0,0,1
770,2264,Билет Банкетный Мод,Да,Билеты,22.03.2026,1,0,0,0,0,6
771,2264,Браслет красный банкетный,Да,Браслет,22.03.2026,1,0,0,0,0,1
772,2264,"Брускетта с лососем,сливоч.сыром и гуакомоле",Да,Закуски,22.03.2026,1,750,750,0,750,1
773,2264,Вода 2л,Да,Холодные напитки,22.03.2026,1,0,0,0,0,2
774,2264,Жасминовый,Да,Горячие напитки,22.03.2026,1,350,350,0,350,1
775,2264,Картофель фри с наггетсами ,Да,Гарниры,22.03.2026,1,0,0,0,0,4
776,2264,Мини диско,Да,Праздники,22.03.2026,1,0,0,0,,1
777,2264,Морс клюквенный 1л,Да,Холодные напитки,22.03.2026,1,0,0,0,0,4
778,2264,Овощной котенок,Да,Детское меню,22.03.2026,1,0,0,0,0,4
779,2264,пицца 4 сыра со сливочным соусом,Да,Пицца,22.03.2026,1,0,0,0,0,1
780,2264,пицца маргарита,Да,Пицца,22.03.2026,1,0,0,0,0,2
781,2264,пицца пепперони,Да,Пицца,22.03.2026,1,0,0,0,0,1
782,2264,Премиум Выходные,Да,Праздники,22.03.2026,1,57 900,57 900,0,57 900,1
783,2264,"Сервис ""Сладкий сбор""",Да,Пробковый сбор,22.03.2026,1,2 000,2 000,0,2 000,1
784,2264,Трендовые украшения,Да,Праздники,22.03.2026,1,0,0,0,,1
785,2264,Фото А5 (до 5 шт),Да,Фотоуслуги,22.03.2026,1,800,1 600,0,1 600,2
786,2264,фруктовый медвежонок,Да,Детское меню,22.03.2026,1,0,0,0,0,2
787,2264,Ценные эмоции ,Да,Фотоуслуги,22.03.2026,1,4 900,4 900,0,4 900,1
788,2264,Шар цифра,Да,Товары касса,22.03.2026,1,690,690,0,690,1
789,2300,Аква минерали 2 л,Да,Холодные напитки,15.03.2026,1,390,780,0,780,2
790,2300,Без  газа,Да,Холодные напитки,15.03.2026,1,0,0,0,0,2
791,2300,Билет банкетный В,Да,Билеты,15.03.2026,1,2 390,9 560,0,9 560,4
792,2300,Билет Именниник В,Да,Билеты,15.03.2026,1,1 190,1 190,0,1 190,1
793,2300,Браслет голубой безлимит,Да,Браслет,15.03.2026,1,0,0,0,0,1
794,2300,Браслет красный банкетный,Да,Браслет,15.03.2026,1,0,0,0,0,4
795,2300,Куриные наггетсы с картошкой фри,Да,Детское меню,15.03.2026,1,540,540,0,540,1
796,2300,Пати-рум 1 час,Да,Прадники прочее,15.03.2026,1,3 000,3 000,0,3 000,1
797,2300,Пицца маргарита,Да,Пицца,15.03.2026,1,650,650,0,650,1
798,2300,Пицца пепперони,Да,Пицца,15.03.2026,1,820,820,0,820,1
799,2300,Сок яблочный 1 л,Да,Холодные напитки,15.03.2026,1,620,1 240,0,1 240,2
800,2549,Аква минерали 2 л,Да,Холодные напитки,25.03.2026,1,390,390,0,390,1
801,2549,Ассам,Да,Горячие напитки,25.03.2026,1,350,350,0,350,1
802,2549,Без  газа,Да,Холодные напитки,25.03.2026,1,0,0,0,0,1
803,2549,Билет банкетный Б,Да,Билеты,25.03.2026,1,1 790,8 950,0,8 950,5
804,2549,Билет Именник Будни,Да,Билеты,25.03.2026,1,890,890,0,890,1
805,2549,Билет МногоМама Будни,Да,Билеты,25.03.2026,1,1 340,2 680,0,2 680,2
806,2549,Браслет голубой безлимит,Да,Браслет,25.03.2026,1,0,0,0,0,3
807,2549,Браслет красный банкетный,Да,Браслет,25.03.2026,1,0,0,0,0,5
808,2549,Двойной Капучино,Да,Горячие напитки,25.03.2026,1,380,380,0,380,1
809,2549,Интерактивная АП до 10 детей 1 час,Да,Анимация,25.03.2026,1,8 000,8 000,0,8 000,1
810,2549,Картофельное пюре,Да,Гарниры,25.03.2026,1,0,0,0,0,3
811,2549,Котлетка-эскимо из курицы,Да,Детское меню,25.03.2026,1,590,1 770,0,1 770,3
812,2549,Мастер класс до  детей  30 мин,Да,Анимация,25.03.2026,1,7 500,7 500,0,7 500,1
813,2549,Молочный коктейль клубничный,Да,Коктейли,25.03.2026,1,420,2 520,0,2 520,6
814,2549,Мороженое клубничное,Да,Десерты,25.03.2026,1,150,600,0,600,4
815,2549,Мороженое шоколадное,Да,Десерты,25.03.2026,1,150,600,0,600,4
816,2549,Морс клюквенный 1 л,Да,Холодные напитки,25.03.2026,1,600,1 800,0,1 800,3
817,2549,Овощной котенок,Да,Детское меню,25.03.2026,1,430,860,0,860,2
818,2549,Пицца 4 сыра со сливочным соусом,Да,Пицца,25.03.2026,1,890,890,0,890,1
819,2549,Пицца маргарита,Да,Пицца,25.03.2026,1,650,650,0,650,1
820,2549,Пицца пепперони,Да,Пицца,25.03.2026,1,820,820,0,820,1
821,2549,Поке с лососем,Да,Поке,25.03.2026,1,950,1 900,0,1 900,2
822,2549,"Сервис ""Сладкий сбор""",Да,Пробковый сбор,25.03.2026,1,2 000,2 000,0,2 000,1
823,2549,Топотун,Да,Товары касса,25.03.2026,1,100,100,0,100,1
824,2549,Фото А5 (от 5 до 10 шт),Да,Фотоуслуги,25.03.2026,1,600,6 000,0,6 000,10
825,2549,Фруктовый медвежонок,Да,Детское меню,25.03.2026,1,760,760,0,760,1
826,2549,Чизбургер,Да,Горячее,25.03.2026,1,880,3 520,0,3 520,4
827,2579,Авторский чай малина,Да,Горячие напитки,29.03.2026,1,450,450,0,450,1
828,2579,Авторский чай облепиха,Да,Горячие напитки,29.03.2026,1,450,450,0,450,1
829,2579,Анимация Гарри Потер,Да,Анимация,29.03.2026,1,0,0,0,0,1
830,2579,Билет Банкетный Мод,Да,Билеты,29.03.2026,1,0,0,0,0,8
831,2579,Браслет красный банкетный,Да,Браслет,29.03.2026,1,0,0,0,0,1
832,2579,Вода 2л,Да,Холодные напитки,29.03.2026,1,0,0,0,0,2
833,2579,Картофель фри с наггетсами ,Да,Гарниры,29.03.2026,1,0,0,0,0,4
834,2579,Куриные наггетсы с картошкой фри,Да,Детское меню,29.03.2026,1,540,1 620,0,1 620,3
835,2579,Мини диско,Да,Праздники,29.03.2026,1,0,0,0,,1
836,2579,Морс клюквенный 1 л,Да,Холодные напитки,29.03.2026,1,600,1 200,0,1 200,2
837,2579,Морс клюквенный 1л,Да,Холодные напитки,29.03.2026,1,0,0,0,0,4
838,2579,Овощной котенок,Да,Детское меню,29.03.2026,1,0,0,0,0,4
839,2579,Песочная картина,Да,Праздники,29.03.2026,1,0,0,0,,1
840,2579,"Пироженое-эскимо ""Картошка""",Да,Десерты,29.03.2026,1,190,1 330,0,1 330,7
841,2579,пицца 4 сыра со сливочным соусом,Да,Пицца,29.03.2026,1,0,0,0,0,1
842,2579,пицца маргарита,Да,Пицца,29.03.2026,1,0,0,0,0,2
843,2579,пицца пепперони,Да,Пицца,29.03.2026,1,0,0,0,0,1
844,2579,Пицца пепперони,Да,Пицца,29.03.2026,1,820,820,0,820,1
845,2579,Премиум Выходные,Да,Праздники,29.03.2026,1,57 900,57 900,0,57 900,1
846,2579,Свеж.сок апельсиновый 200 мл,Да,Холодные напитки,29.03.2026,1,400,800,0,800,2
847,2579,"Сервис ""Пробковый сбор""",Да,Пробковый сбор,29.03.2026,1,2 000,4 000,0,4 000,2
848,2579,Торт Индивидуальный,Да,Торт,29.03.2026,1,7 560,7 560,0,7 560,1
849,2579,фруктовый медвежонок,Да,Детское меню,29.03.2026,1,0,0,0,0,2
850,2579,Ценные эмоции ,Да,Фотоуслуги,29.03.2026,1,4 900,4 900,0,4 900,1
851,2605,Анимация Куклы Лол,Да,Анимация,28.03.2026,1,0,0,0,0,1
852,2605,Ассорти брускет,Да,На компанию,28.03.2026,1,1 500,1 500,0,1 500,1
853,2605,Ассорти горячих закусок,Да,На компанию,28.03.2026,1,1 690,1 690,0,1 690,1
854,2605,Ассорти мясных деликатесов,Да,На компанию,28.03.2026,1,1 590,1 590,0,1 590,1
855,2605,Билет Банкетный Мод,Да,Билеты,28.03.2026,1,0,0,0,0,8
856,2605,Браслет красный банкетный,Да,Браслет,28.03.2026,1,0,0,0,0,1
857,2605,Вода 2л,Да,Холодные напитки,28.03.2026,1,0,0,0,0,2
858,2605,Двойной Латте,Да,Горячие напитки,28.03.2026,1,380,760,0,760,2
859,2605,Капучино,Да,Горячие напитки,28.03.2026,1,250,250,0,250,1
860,2605,Картофель фри с наггетсами ,Да,Гарниры,28.03.2026,1,0,0,0,0,4
861,2605,Латте,Да,Горячие напитки,28.03.2026,1,250,250,0,250,1
862,2605,Лимонад классический 1 л,Да,Холодные напитки,28.03.2026,1,550,550,0,550,1
863,2605,Лимонад клубничный 1 л,Да,Холодные напитки,28.03.2026,1,550,550,0,550,1
864,2605,Лимонад мохито 1 л,Да,Холодные напитки,28.03.2026,1,550,550,0,550,1
865,2605,Мини диско,Да,Праздники,28.03.2026,1,0,0,0,,1
866,2605,Морс клюквенный 1л,Да,Холодные напитки,28.03.2026,1,0,0,0,0,4
867,2605,Овощной котенок,Да,Детское меню,28.03.2026,1,0,0,0,0,4
868,2605,пицца 4 сыра со сливочным соусом,Да,Пицца,28.03.2026,1,0,0,0,0,1
869,2605,Пицца деревенская,Да,Пицца,28.03.2026,1,960,960,0,960,1
870,2605,пицца маргарита,Да,Пицца,28.03.2026,1,0,0,0,0,2
871,2605,пицца пепперони,Да,Пицца,28.03.2026,1,0,0,0,0,1
872,2605,Пицца с грушей и горгонзолой,Да,Пицца,28.03.2026,1,970,970,0,970,1
873,2605,Пицца с пармской ветчиной и страчителлой,Да,Пицца,28.03.2026,1,1 130,1 130,0,1 130,1
874,2605,Премиум Выходные,Да,Праздники,28.03.2026,1,57 900,57 900,0,57 900,1
875,2605,Роспись пряников,Да,Праздники,28.03.2026,1,0,0,0,,1
876,2605,Семейный хит,Да,Фотоуслуги,28.03.2026,1,9 900,9 900,0,9 900,1
877,2605,Сырная тарелка,Да,На компанию,28.03.2026,1,1 190,1 190,0,1 190,1
878,2605,Торт  1 категории,Да,Торт,28.03.2026,1,4 200,8 400,0,8 400,2
879,2605,фруктовый медвежонок,Да,Детское меню,28.03.2026,1,0,0,0,0,2
880,2605,Эрл Грей,Да,Горячие напитки,28.03.2026,1,350,1 050,0,1 050,3
881,2679,Аква минерали 500 мл,Да,Холодные напитки,30.03.2026,1,150,2 400,0,2 400,16
882,2679,Анимация Аниме,Да,Анимация,30.03.2026,1,0,0,0,0,1
883,2679,Базовый Будни,Да,Праздники,30.03.2026,1,24 900,24 900,0,24 900,1
884,2679,Без  газа,Да,Холодные напитки,30.03.2026,1,0,0,0,0,16
885,2679,Билет Банкетный Мод,Да,Билеты,30.03.2026,1,0,0,0,0,8
886,2679,Браслет красный банкетный,Да,Браслет,30.03.2026,1,0,0,0,0,8
887,2679,Картофель фри,Да,Гарниры,30.03.2026,1,320,2 560,0,2 560,8
888,2679,Мороженое Бабл Гам,Да,Десерты,30.03.2026,1,150,300,0,300,2
889,2679,Мороженое ванильное,Да,Десерты,30.03.2026,1,150,150,0,150,1
890,2679,Мороженое клубничное,Да,Десерты,30.03.2026,1,150,450,0,450,3
891,2679,Мороженое шоколадное,Да,Десерты,30.03.2026,1,150,300,0,300,2
892,2679,Пицца 4 сыра со сливочным соусом,Да,Пицца,30.03.2026,1,890,1 780,0,1 780,2
893,2679,Пицца пепперони,Да,Пицца,30.03.2026,1,820,820,0,820,1
894,2679,Свеча цифра,Да,Шары,30.03.2026,1,150,150,0,150,1
895,2679,Торт  1 категории,Да,Торт,30.03.2026,1,4 200,8 400,0,8 400,2
896,2679,Ценные эмоции ,Да,Фотоуслуги,30.03.2026,1,4 900,4 900,0,4 900,1
897,2742,Аква минерали 500 мл,Да,Холодные напитки,28.03.2026,1,150,150,0,150,1
898,2742,Американо,Да,Горячие напитки,28.03.2026,1,190,190,0,190,1
899,2742,Анимация Мультики Дисней,Да,Анимация,28.03.2026,1,0,0,0,0,1
900,2742,Без  газа,Да,Холодные напитки,28.03.2026,1,0,0,0,0,1
901,2742,Билет Банкетный Мод,Да,Билеты,28.03.2026,1,0,0,0,0,8
902,2742,Браслет красный банкетный,Да,Браслет,28.03.2026,1,0,0,0,0,1
903,2742,Вода 2л,Да,Холодные напитки,28.03.2026,1,0,0,0,0,2
904,2742,Картофель фри с наггетсами ,Да,Гарниры,28.03.2026,1,0,0,0,0,4
905,2742,Лимонад мохито 1 л,Да,Холодные напитки,28.03.2026,1,550,550,0,550,1
906,2742,Мини диско,Да,Праздники,28.03.2026,1,0,0,0,,1
907,2742,Молоко 50 мл,Да,Допы,28.03.2026,1,40,40,0,40,1
908,2742,Морс клюквенный 1 л,Да,Холодные напитки,28.03.2026,1,600,600,0,600,1
909,2742,Морс клюквенный 1л,Да,Холодные напитки,28.03.2026,1,0,0,0,0,4
910,2742,Овощной котенок,Да,Детское меню,28.03.2026,1,0,0,0,0,4
911,2742,пицца 4 сыра со сливочным соусом,Да,Пицца,28.03.2026,1,0,0,0,0,1
912,2742,пицца маргарита,Да,Пицца,28.03.2026,1,0,0,0,0,2
913,2742,пицца пепперони,Да,Пицца,28.03.2026,1,0,0,0,0,1
914,2742,Премиум Выходные,Да,Праздники,28.03.2026,1,57 900,57 900,0,57 900,1
915,2742,"Сервис ""Сладкий сбор""",Да,Пробковый сбор,28.03.2026,1,2 000,2 000,0,2 000,1
916,2742,Слаймы,Да,Праздники,28.03.2026,1,0,0,0,,1
917,2742,Фото А5 (от 10 шт),Да,Фотоуслуги,28.03.2026,1,500,2 000,0,2 000,4
918,2742,фруктовый медвежонок,Да,Детское меню,28.03.2026,1,0,0,0,0,2
919,2802,Аква минерали 2 л,Да,Холодные напитки,28.03.2026,1,390,780,0,780,2
920,2802,Американо,Да,Горячие напитки,28.03.2026,1,190,950,0,950,5
921,2802,Без  газа,Да,Холодные напитки,28.03.2026,1,0,0,0,0,2
922,2802,Билет банкетный В,Да,Билеты,28.03.2026,1,2 390,7 170,0,7 170,3
923,2802,Билет Именниник В,Да,Билеты,28.03.2026,1,1 190,1 190,0,1 190,1
924,2802,Браслет голубой безлимит,Да,Браслет,28.03.2026,1,0,0,0,0,1
925,2802,Браслет красный банкетный,Да,Браслет,28.03.2026,1,0,0,0,0,3
926,2802,Двойной Капучино с кокосовым молоком,Да,Горячие напитки,28.03.2026,1,460,460,0,460,1
927,2802,Капучино,Да,Горячие напитки,28.03.2026,1,250,250,0,250,1
928,2802,Картофельные дольки,Да,Гарниры,28.03.2026,1,320,640,0,640,2
929,2802,Куриные наггетсы с картошкой фри,Да,Детское меню,28.03.2026,1,540,1 080,0,1 080,2
930,2802,Лимонад клубничный 1 л,Да,Холодные напитки,28.03.2026,1,550,1 100,0,1 100,2
931,2802,Лимонад мохито 1 л,Да,Холодные напитки,28.03.2026,1,550,550,0,550,1
932,2802,Минидиско 30 мин,Да,Анимация,28.03.2026,1,4 500,4 500,0,4 500,1
933,2802,Пицца 4 сыра с томатным соусом,Да,Пицца,28.03.2026,1,830,830,0,830,1
934,2802,Пицца пепперони,Да,Пицца,28.03.2026,1,820,820,0,820,1
935,2802,Пицца с пармской ветчиной и страчителлой,Да,Пицца,28.03.2026,1,1 130,1 130,0,1 130,1
936,2802,Салат с ростбифом и запеченым перцем,Да,Салаты,28.03.2026,1,840,840,0,840,1
937,2802,Семейный хит,Да,Фотоуслуги,28.03.2026,1,9 900,9 900,0,9 900,1
938,2802,"Сервис ""Сладкий сбор""",Да,Пробковый сбор,28.03.2026,1,2 000,2 000,0,2 000,1
939,2802,Сливки 11% 50 мл,Да,Допы,28.03.2026,1,60,120,0,120,2
940,2802,Сок яблочный 1 л,Да,Холодные напитки,28.03.2026,1,620,1 860,0,1 860,3
941,2802,Соус блю чиз,Да,Соусы,28.03.2026,1,160,320,0,320,2
942,2802,Спагетти карбонара,Да,Паста,28.03.2026,1,740,740,0,740,1
943,2802,Сырная тарелка,Да,На компанию,28.03.2026,1,1 190,1 190,0,1 190,1
944,2802,Фокусник-иллюзионист 40 мин,Да,Анимация,28.03.2026,1,25 000,25 000,0,25 000,1
945,2802,Фруктовый,Да,Горячие напитки,28.03.2026,1,350,350,0,350,1
946,2808,Ассорти брускет,Да,На компанию,21.03.2026,1,1 500,3 000,0,3 000,2
947,2808,Ассорти горячих закусок,Да,На компанию,21.03.2026,1,1 690,3 380,0,3 380,2
948,2808,Билет банкетный В,Да,Билеты,21.03.2026,1,2 390,4 780,0,4 780,2
949,2808,Билет Именниник В,Да,Билеты,21.03.2026,1,1 190,1 190,0,1 190,1
950,2808,Билет Особые дети В,Да,Билеты,21.03.2026,1,0,0,0,0,1
951,2808,Борщ с говядиной,Да,Супы,21.03.2026,1,650,650,0,650,1
952,2808,Браслет голубой безлимит,Да,Браслет,21.03.2026,1,0,0,0,0,2
953,2808,Браслет красный банкетный,Да,Браслет,21.03.2026,1,0,0,0,0,2
954,2808,Домашние пельмешки со сметаной,Да,Детское меню,21.03.2026,1,540,540,0,540,1
955,2808,Картофель фри,Да,Гарниры,21.03.2026,1,320,320,0,320,1
956,2808,Куриные наггетсы с картошкой фри,Да,Детское меню,21.03.2026,1,540,540,0,540,1
957,2808,Лимонад клубничный 1 л,Да,Холодные напитки,21.03.2026,1,550,550,0,550,1
958,2808,Лимонад мохито 1 л,Да,Холодные напитки,21.03.2026,1,550,550,0,550,1
959,2808,Морс клюквенный 1 л,Да,Холодные напитки,21.03.2026,1,600,1 200,0,1 200,2
960,2808,Персональный оператор на час (до 2х детей),Да,Прочие,21.03.2026,1,1 500,3 000,0,3 000,2
961,2808,Пицца 4 сыра со сливочным соусом,Да,Пицца,21.03.2026,1,890,890,0,890,1
962,2808,Пицца бамбине,Да,Пицца,21.03.2026,1,750,750,0,750,1
963,2808,Пицца деревенская,Да,Пицца,21.03.2026,1,960,960,0,960,1
964,2808,Пицца маргарита,Да,Пицца,21.03.2026,1,650,650,0,650,1
965,2808,Пицца с пармской ветчиной и страчителлой,Да,Пицца,21.03.2026,1,1 130,1 130,0,1 130,1
966,2808,Салат с ростбифом и запеченым перцем,Да,Салаты,21.03.2026,1,840,840,0,840,1
967,2808,Салат со страчителлой и томатами,Да,Салаты,21.03.2026,1,880,880,0,880,1
968,2808,Сок яблочный 1 л,Да,Холодные напитки,21.03.2026,1,620,1 240,0,1 240,2
969,2808,Том ям с морепродуктами,Да,Супы,21.03.2026,1,880,2 640,0,2 640,3
970,2808,Цезарь с куриной грудкой,Да,Салаты,21.03.2026,1,720,720,0,720,1
971,2867,Аква минерали 500 мл,Да,Холодные напитки,29.03.2026,1,148,300,3,297,2
972,2867,Без  газа,Да,Холодные напитки,29.03.2026,1,0,0,0,0,2
973,2867,Билет банкетный В,Да,Билеты,29.03.2026,1,2 364,7 170,78,7 092,3
974,2867,Билет Именниник В,Да,Билеты,29.03.2026,1,1 177,1 190,13,1 177,1
975,2867,Браслет голубой безлимит,Да,Браслет,29.03.2026,1,0,0,0,0,1
976,2867,Браслет красный банкетный,Да,Браслет,29.03.2026,1,0,0,0,0,3
977,2867,Интерактивная АП до 10 детей 1 час,Да,Анимация,29.03.2026,1,7 912,8 000,88,7 912,1
978,2867,Макарошки,Да,Гарниры,29.03.2026,1,0,0,0,0,1
979,2867,Молочный коктейль ванильный,Да,Коктейли,29.03.2026,1,415,420,5,415,1
980,2867,Мороженое Бабл Гам,Да,Десерты,29.03.2026,1,148,300,3,297,2
981,2867,Мороженое ванильное,Да,Десерты,29.03.2026,1,148,150,2,148,1
982,2867,Мороженое кешью с карамелью,Да,Десерты,29.03.2026,1,148,150,2,148,1
983,2867,Мороженое шоколадное,Да,Десерты,29.03.2026,1,148,150,2,148,1
984,2867,Морс клюквенный 200 мл,Да,Холодные напитки,29.03.2026,1,227,690,8,682,3
985,2867,"Салат с креветками,авокадо и рукколой",Да,Салаты,29.03.2026,1,851,860,9,851,1
986,2867,Сосиськи-осьминожки,Да,Детское меню,29.03.2026,1,633,640,7,633,1
987,2867,Спагетти с куриными фрикадельками,Да,Детское меню,29.03.2026,1,534,540,6,534,1
988,2867,Том ям с морепродуктами,Да,Супы,29.03.2026,1,870,1 760,19,1 741,2
989,2867,Хлебная корзина,Да,Пицца,29.03.2026,1,178,180,2,178,1
990,2867,Эрл Грей,Да,Горячие напитки,29.03.2026,1,346,350,4,346,1
991,2919,Аква минерали 500 мл,Да,Холодные напитки,28.03.2026,1,150,600,0,600,4
992,2919,Американо,Да,Горячие напитки,28.03.2026,1,190,190,0,190,1
993,2919,Без  газа,Да,Холодные напитки,28.03.2026,1,0,0,0,0,4
994,2919,Билет банкетный В,Да,Билеты,28.03.2026,1,2 390,9 560,0,9 560,4
995,2919,Билет Именниник В,Да,Билеты,28.03.2026,1,1 190,1 190,0,1 190,1
996,2919,Браслет голубой безлимит,Да,Браслет,28.03.2026,1,0,0,0,0,1
997,2919,Браслет красный банкетный,Да,Браслет,28.03.2026,1,0,0,0,0,4
998,2919,Двойной Капучино,Да,Горячие напитки,28.03.2026,1,380,1 520,0,1 520,4
999,2919,Картофель фри,Да,Гарниры,28.03.2026,1,320,960,0,960,3
1000,2919,Китайская сенча,Да,Горячие напитки,28.03.2026,1,350,350,0,350,1
1001,2919,Куриные наггетсы с картошкой фри,Да,Детское меню,28.03.2026,1,540,2 700,0,2 700,5
1002,2919,Лимонад мохито 1 л,Да,Холодные напитки,28.03.2026,1,550,1 100,0,1 100,2
1003,2919,Морс вишневый 1 л,Да,Холодные напитки,28.03.2026,1,600,1 200,0,1 200,2
1004,2919,Морс клюквенный 1 л,Да,Холодные напитки,28.03.2026,1,600,1 200,0,1 200,2
1005,2919,Овощной сет,Да,На компанию,28.03.2026,1,990,1 980,0,1 980,2
1006,2919,Пицца деревенская,Да,Пицца,28.03.2026,1,960,960,0,960,1
1007,2919,Пицца маргарита,Да,Пицца,28.03.2026,1,650,650,0,650,1
1008,2919,Пицца с грушей и горгонзолой,Да,Пицца,28.03.2026,1,970,970,0,970,1
1009,2919,Соус сырный,Да,Соусы,28.03.2026,1,100,300,0,300,3
1010,2919,Торт  1 категории,Да,Торт,28.03.2026,1,4 200,8 400,0,8 400,2
1011,2919,Эрл Грей,Да,Горячие напитки,28.03.2026,1,350,350,0,350,1
1012,2950,"Билет груп, тариф от 10 детей и более Будни",Да,Билеты,30.03.2026,1,1 340,13 400,0,13 400,10
1013,2950,Билет Именник Будни,Да,Билеты,30.03.2026,1,890,890,0,890,1
1014,2950,Браслет голубой безлимит,Да,Браслет,30.03.2026,1,0,0,0,0,11
1015,2950,Интерактивная АП до 10 детей 1 час,Да,Анимация,30.03.2026,1,8 000,8 000,0,8 000,1
1016,3092,Аква минерали 2 л,Да,Холодные напитки,31.03.2026,1,390,390,0,390,1
1017,3092,Без  газа,Да,Холодные напитки,31.03.2026,1,0,0,0,0,1
1018,3092,Билет банкетный Б,Да,Билеты,31.03.2026,1,1 790,7 160,0,7 160,4
1019,3092,Билет Именник Будни,Да,Билеты,31.03.2026,1,890,890,0,890,1
1020,3092,Браслет голубой безлимит,Да,Браслет,31.03.2026,1,0,0,0,0,1
1021,3092,Браслет красный банкетный,Да,Браслет,31.03.2026,1,0,0,0,0,4
1022,3092,Двойной Капучино,Да,Горячие напитки,31.03.2026,1,380,380,0,380,1
1023,3092,Картофель фри,Да,Гарниры,31.03.2026,1,320,320,0,320,1
1024,3092,Кетчуп,Да,Соусы,31.03.2026,1,100,200,0,200,2
1025,3092,Куриные наггетсы с картошкой фри,Да,Детское меню,31.03.2026,1,540,2 700,0,2 700,5
1026,3092,Лимонад клубничный 1 л,Да,Холодные напитки,31.03.2026,1,550,550,0,550,1
1027,3092,Лимонад мохито 1 л,Да,Холодные напитки,31.03.2026,1,550,1 650,0,1 650,3
1028,3092,Мастер класс до  детей  30 мин,Да,Анимация,31.03.2026,1,7 500,7 500,0,7 500,1
1029,3092,Молочный коктейль ванильный,Да,Коктейли,31.03.2026,1,420,1 260,0,1 260,3
1030,3092,Молочный коктейль клубничный,Да,Коктейли,31.03.2026,1,420,840,0,840,2
1031,3092,Пицца 4 сыра со сливочным соусом,Да,Пицца,31.03.2026,1,890,890,0,890,1
1032,3092,Пицца пепперони,Да,Пицца,31.03.2026,1,820,820,0,820,1
1033,3092,"Сервис ""Сладкий сбор""",Да,Пробковый сбор,31.03.2026,1,2 000,2 000,0,2 000,1
,ВСЕГО,,,,,,,2 520 000,,2 504 938,